0;1;2;3;4;5;6;7;8;9;10;11;12;13;14;15;16;17;18;19
64.0;74.0;9;0.0;0.0;1.333333;0.5777770999999999;1.3888893;0.9074071;21.148148000000006;21.0;26.888890000000004;15.555554999999998;-0.44444445;17.222220999999998;-16.777779000000002;26.888890000000004;0.41920358;-1.5542339;1
52.0;102.0;9;0.0;0.0;0.72222227;0.50740725;0.8333333;0.5666668;2.8888888;0.6666667;6.3333335;1.6666666;-6.666666499999999;10.333333;-3.6666667;6.3333335;0.89973545;-2.2617195;3
217.0;77.0;9;0.0;0.0;1.5555553;2.74074;1.6666666;0.53333336;40.22222;37.22222;48.22222;35.22222;-9.0;24.0;-15.0;48.22222;0.26919183;-1.9320657;4
177.0;85.0;9;0.0;0.0;0.8333333;0.16666768;0.88888806;0.429629;93.55556;79.22222;118.0;83.44444;-43.0;73.333336;-30.333334000000004;118.0;0.32860348;-2.2084136;2
173.0;152.0;9;0.0;0.0;0.22222221;0.029629616;0.8333333;0.16666685;3.5925925000000003;2.6666667;5.7777777000000015;2.3333335;-2.7777777;6.5555553;-3.7777777;5.7777777000000015;0.59973544;-1.997796;5
7.0;114.0;9;0.0;0.0;1.1666665;0.78888893;2.1111114;1.2740738;14.518517999999998;16.11111;17.11111;10.333334;4.7777777000000015;7.7777777000000015;-12.555555;17.444445;0.40864444;-1.1793475;1
94.0;13.0;9;0.0;0.0;1.0555521;0.50740635;1.6666641;1.2444407;141.59259;134.88889;149.88889;140.0;-20.11111;24.88889;-4.7777777000000015;149.88889;0.10009145;-2.449265;2
144.0;118.0;9;0.0;0.0;0.5555555999999999;0.38518524;0.66666657;0.4;6.4444447;7.5555553;8.111112;3.6666667;3.3333333;5.0;-8.333333;8.444445;0.5643298000000001;-1.1345428;1
119.0;138.0;9;0.0;0.0;0.77777785;0.5185185;0.7222223000000001;0.2851852;3.5555556000000004;1.7777778000000002;7.2222222999999985;1.6666666;-5.3333335;11.0;-5.6666665;7.2222222999999985;0.7794973000000001;-2.0712416;5
247.0;174.0;9;0.11111111;0.0;3.1111107;2.68052;3.1666667;1.545604;56.185184;49.444443;70.88889;48.22222;-20.222221;44.11111;-23.88889;70.88889;0.32302070000000005;-2.0373507;6
90.0;122.0;9;0.11111111;0.0;1.6666668999999998;1.398412;1.1666669;0.69121486;16.185184;10.222222;25.333334;13.0;-17.88889;27.444445;-9.555555;25.333334;0.5847439999999999;-2.2472665000000003;3
115.0;202.0;9;0.11111111;0.0;1.611111;0.24074046;2.388889;2.596295;15.148148999999998;11.666667;14.0;19.777779;-10.444445;-3.4444444;13.888889;19.777779;0.40993193;2.401137;7
25.0;199.0;9;0.0;0.0;1.1111112;0.60740685;1.0555558;0.4629626;17.518518;13.111111;17.88889;21.555555;-13.222222;1.1111112;12.111111;21.555555;0.39300215;2.6901116000000003;7
186.0;12.0;9;0.0;0.0;0.44444433;0.27216548;2.3333333;1.9663839;6.259258999999999;3.8888888;11.333333;3.5555556000000004;-7.111111;15.222222;-8.111111;11.333333;0.6873016;-2.057978;5
156.0;49.0;9;0.0;0.0;1.0555546999999998;0.57413435;1.2222208;0.54433155;38.037037;35.666668;44.11111;34.333336;-7.111111;18.222221;-11.111111;44.11111;0.22118697;-1.949745;4
55.0;80.0;9;0.11111111;0.0;1.833333;4.3;1.8333334;1.0999995;7.0740743;2.8888888;12.444445;5.888889;-12.555555;16.11111;-3.5555556000000004;12.444445;0.77528197;-2.4175172000000003;3
119.0;115.0;9;0.0;0.11111111;2.4444444;1.5729189;5.0;2.9363625;7.5555553;3.5555556000000004;12.888889;6.2222222999999985;-12.0;16.0;-4.0;12.888889;0.7672355;-2.3909924;3
27.0;68.0;9;0.0;0.0;1.388889;1.4851855;1.7777777;5.0962973;21.592592;20.444445;28.444445;15.888889;-3.4444444;20.555555;-17.11111;28.444445;0.440354;-1.7003236000000002;1
198.0;127.0;9;0.0;0.0;2.4444444;4.385187;8.555555;59.54075;40.74074;38.0;48.22222;36.0;-8.222222;22.444445;-14.222222;48.22222;0.24899939;-1.9083478;4
149.0;64.0;9;0.0;0.0;1.4999996000000002;1.1444446;1.3888887;0.46296337;24.074074;22.666666;31.888890000000004;17.666667999999994;-4.2222222999999985;23.444445;-19.222221;31.888890000000004;0.4463545;-1.7248944;1
117.0;44.0;9;0.0;0.0;1.2777786;0.24074224;1.3333334;0.31110993;106.0;93.0;126.77778;98.22222;-39.0;62.33333199999999;-23.333334;126.77778;0.26639053;-2.2555773;2
94.0;127.0;9;0.0;0.0;0.77777785;0.5018486;0.77777773;0.6885305;2.7407408;0.5555555999999999;5.5555553;2.1111112000000003;-6.5555553;8.444445;-1.8888888;5.5555553;0.91534394;-2.4089394;3
250.0;172.0;9;0.0;0.0;0.9444442;0.5074071;1.3333334;0.7111102;16.074074;12.333333;15.0;20.88889;-11.222222;-3.2222223;14.444445000000002;20.88889;0.40983546;2.4177017000000003;7
114.0;242.0;9;0.0;0.0;2.7222223;2.4532676;4.6666675;1.9206476000000003;24.074074;19.222221;22.444445;30.555555;-14.555554999999998;-4.888889;19.444445;30.555555;0.3716949;2.395778;7
127.0;143.0;9;0.0;0.0;1.5;0.12222214;0.88888884;0.60740745;4.185185;0.8888889000000001;9.444445;2.2222223;-9.888889;15.777778;-5.888889;9.444445;0.915376;-2.2574124;3
10.0;112.0;9;0.0;0.0;0.33333334;0.42163706;0.50000006;0.1825741;0.44444445;0.0;1.2222222;0.11111111;-1.3333334;2.3333333;-1.0;1.2222222;0.6666667;-2.1519136000000003;3
197.0;123.0;9;0.0;0.0;0.94444466;0.9518536;2.9999993;1.5555562;44.814816;41.11111;53.77778000000001;39.555557;-11.111111;26.888890000000004;-15.777778;53.77778000000001;0.26327455;-1.9783275;4
199.0;140.0;9;0.0;0.0;0.44444442;0.25185186;0.50000006;0.388889;6.0;7.4444447;6.888889;3.6666667;4.3333335;2.6666667;-7.0;7.5555553;0.5138889;-0.91962;1
206.0;30.0;9;0.0;0.0;0.7777774000000001;0.50184685;0.83333206;0.54772305;123.33333600000002;112.77778;139.66666999999998;117.55556;-31.666666;49.0;-17.333334;139.66666999999998;0.19250989;-2.2795098;2
97.0;63.0;9;0.0;0.0;0.7222214;0.4430521;0.33333206;0.21081766;108.92593;96.22222;126.11111499999998;104.44444;-38.11111;51.555557;-13.444445000000002;126.11111499999998;0.23688999;-2.3824377;2
41.0;93.0;9;0.0;0.0;0.7222201;0.15185115;1.0555546999999998;1.3962914;112.296295;103.888885;128.0;105.0;-25.222221;47.11111;-21.88889;128.0;0.1883132;-2.1414192;2
114.0;238.0;9;0.0;0.0;1.666667;1.1352924;1.4444445;1.0680548;13.62963;11.111111;10.666667;19.11111;-7.5555553;-8.888889;16.444445;19.11111;0.46145898;2.0466826;7
22.0;87.0;9;0.0;0.0;1.8888899;1.2590423000000002;1.1666666;0.62361073;64.03704;55.77778000000001;80.333336;56.0;-24.777779;48.88889;-24.11111;80.333336;0.30969977;-2.105073;4
224.0;95.0;9;0.0;0.0;1.2222223;0.47407404;1.0555557;0.7296295;3.5185184;0.8888889000000001;7.2222222999999985;2.4444444;-7.888889;11.111111;-3.2222223;7.2222222999999985;0.88955027;-2.3489873;3
141.0;89.0;9;0.0;0.0;1.277778;1.4851854;1.6666666;3.6888885;23.88889;23.11111;30.444445;18.11111;-2.3333333;19.666666;-17.333334;30.444445;0.40502182;-1.6640084;1
229.0;175.0;9;0.0;0.0;1.166666;0.52222264;5.666666;26.133337;33.0;29.0;41.0;29.0;-12.0;24.0;-12.0;41.0;0.28683385;-2.091209;6
117.0;224.0;9;0.0;0.0;3.0555556;2.5596585;3.0555556;3.0215273;20.25926;15.444445000000002;17.777779000000006;27.555555;-14.444445000000002;-7.4444447;21.88889;27.555555;0.44151622;2.3041532000000005;7
180.0;123.0;9;0.11111111;0.0;1.7222214;2.1074064;1.1111113;0.5185183;57.48148000000001;52.55555699999999;68.55556;51.333332;-14.777778;33.22222;-18.444445;68.55556;0.2511938;-2.021502;4
112.0;90.0;9;0.0;0.0;7.388889999999999;6.9455557;1.2777773;0.87981415;65.18519;57.66666800000001;79.77778;58.11111;-22.555555;43.77778;-21.222221;79.77778;0.27834544;-2.108813;4
227.0;116.0;9;0.0;0.0;0.38888875;0.15185185;0.22222225;0.07407413;5.4074073;6.5555553;6.7777777000000015;2.8888888;3.4444444;4.111111;-7.5555553;6.888889;0.58002645;-1.093148;1
160.0;110.0;9;0.0;0.0;0.833333;0.6912145000000001;0.4444437;0.2721654000000001;31.62963;27.222221;39.333336;28.333334000000004;-13.222222;23.11111;-9.888889;39.333336;0.3074441;-2.1872416;5
21.0;90.0;9;0.0;0.0;0.66666794;0.044444147;0.7777786;0.56296283;113.48148;105.88888500000002;128.55556;106.0;-22.777779;45.22222;-22.444445;128.55556;0.17969723;-2.0978148;2
78.0;108.0;9;0.0;0.0;0.8333335;0.43333328;1.6111107;1.1740738000000002;17.11111;19.0;19.88889;12.444445;5.6666665;8.333333;-14.0;20.0;0.37883934;-1.1695169;1
13.0;83.0;9;0.0;0.0;0.83333325;0.54772246;0.6666666;0.63245547;3.7037036;1.5555556;6.0;3.5555556000000004;-6.4444447;6.888889;-0.44444445;6.0;0.7404761999999999;-2.5733812;3
176.0;100.0;9;0.0;0.0;1.9444441000000003;0.7740748000000001;1.4444447;0.6518514;55.37037;50.333332;66.88889;48.88889;-15.111111;34.555557;-19.444445;66.88889;0.26862052;-2.00619;4
111.0;235.0;9;0.0;0.0;1.6111107;1.3074071000000005;2.7222216;2.5518525000000003;15.62963;11.777778;15.888889;19.222221;-11.555555;0.7777778000000001;10.777778;19.222221;0.3880957;2.6707714;7
207.0;172.0;9;0.0;0.0;1.0000004;0.29814267;1.6666673;0.9189365;19.0;16.444445;16.333334;24.222221;-7.666666499999999;-8.0;15.666667000000002;24.222221;0.34374964;2.0838537;7
197.0;121.0;9;0.0;0.0;21.666666;17.3628;0.94444436;0.9047208;41.037037;37.444443;49.444443;36.22222;-10.777778;25.222221;-14.444445000000002;49.444443;0.28057775;-1.9955361;4
125.0;46.0;9;0.11111111;0.0;0.61110944;0.61161584;2.166668;0.7817352;124.55556;112.77778;141.0;119.88888500000002;-35.333332;49.333332;-14.0;141.0;0.20012376;-2.357688;2
33.0;117.0;9;0.0;0.0;0.2777778;0.018518511;0.11111111;0.029629635;1.074074;0.0;3.1111112000000003;0.11111111;-3.2222223;6.111111;-2.8888888;3.1111112000000003;1.0;-2.132635;3
252.0;36.0;9;0.0;0.0;0.94444275;0.19630012;1.0;0.22221552;135.2963;128.55556;146.11111;131.22223;-20.222221;32.444443;-12.222222;146.11111;0.12003023;-2.247156;2
154.0;189.0;9;0.0;0.0;1.5555553;1.0470409;1.4444441;0.8606628000000001;59.925926;53.44444300000001;74.888885;51.444443;-19.444445;44.88889;-25.444445;74.888885;0.3128917;-2.0059564;6
168.0;184.0;9;0.0;0.0;4.6666665;1.5202329;5.8333325;1.8104627;48.25926;43.88889;58.66666800000001;42.22222;-13.111111;31.222221;-18.11111;58.66666800000001;0.2781955;-1.9867758;6
61.0;92.0;9;0.0;0.0;1.2777777;1.0628407;0.55555534;0.6206325;17.25926;12.888889;25.777779;13.111111;-13.111111;25.555555;-12.444445;25.777779;0.49969473;-2.11184;5
235.0;22.0;9;0.0;0.0;1.1666666;0.3888822;1.0;0.48888424;137.62962;132.11111;147.88889;132.88889;-16.555555;30.777779;-14.222222;147.88889;0.10965454;-2.1462038;2
4.0;189.0;9;0.0;0.0;2.0555565;3.8851852;11.722221;114.59633999999998;26.444445;23.444445;33.0;22.88889;-9.0;19.666666;-10.666667;33.0;0.27147257;-2.1010017000000003;6
223.0;141.0;9;0.11111111;0.0;2.111111;1.8074076;0.7777776999999999;0.16296323;9.851851;6.0;16.555555;7.0;-11.555555;20.11111;-8.555555;16.555555;0.6402237;-2.191662;5
142.0;112.0;9;0.0;0.0;1.0555557;0.49065286;0.55555534;0.34426492;28.851852;24.555555;36.22222;25.777779;-12.888889;22.11111;-9.222222;36.22222;0.32174963;-2.2001557000000003;5
42.0;138.0;9;0.0;0.0;0.4444445;1.1851856;0.44444445;1.1851853;0.2962963;0.11111111;0.6666667;0.11111111;-0.5555555999999999;1.1111112;-0.5555555999999999;0.6666667;0.09259259;-2.0943952;3
40.0;17.0;9;0.0;0.0;1.2777761;0.95258045;1.4444453000000002;1.1088861;70.51852;62.44444300000001;86.55556;62.55555699999999;-24.222221;48.11111;-23.88889;86.55556;0.28623843;-2.098521;4
74.0;129.0;9;0.0;0.0;0.22222222;0.029629637;0.11111111;0.029629635;0.5185185;0.0;1.5555556;0.0;-1.5555556;3.1111112000000003;-1.5555556;1.5555556;1.0;-2.0943952;3
76.0;116.0;9;0.0;0.0;0.833333;0.43333372;0.16666667;0.07777769;16.851851999999994;13.555554999999998;23.222221;13.777778;-9.888889;19.11111;-9.222222;23.222221;0.42083883;-2.1211752999999995;5
92.0;62.0;9;0.0;0.0;1.8888868000000003;1.3109239;1.8888868000000003;0.72008234;123.48148;112.33333600000002;139.33334;118.77778;-33.444443;47.555557;-14.111111;139.33334;0.19369136;-2.3434037999999995;2
103.0;130.0;9;0.0;0.0;0.33333334;0.0;0.27777776;0.38968173;0.7777778000000001;0.0;2.3333335;0.0;-2.3333333;4.6666665;-2.3333333;2.3333335;1.0;-2.0943952;3
143.0;186.0;9;0.0;0.0;2.3333333;2.3190036;2.7777774;2.5268927000000003;54.962963;49.11111;67.88889;47.88889;-17.555555;38.77778;-21.222221;67.88889;0.2962514;-2.0286176;6
203.0;61.0;9;0.0;0.0;0.16666675;0.2788868;0.7222221;0.44305354;7.0;4.4444447;12.333333;4.2222222999999985;-7.666666499999999;16.0;-8.333333;12.333333;0.66625965;-2.0682037;5
177.0;76.0;9;0.0;0.0;1.3888893;1.3567389;15.0;11.481388;29.814816;28.666666;33.444447;27.333334000000004;-3.4444444;10.888889;-7.4444447;33.444447;0.20066153;-1.9036244;4
253.0;192.0;9;0.0;0.0;2.1666667;2.0083156000000004;2.5555553;1.5444032;47.51852;42.333336;59.22221999999999;41.0;-15.555554999999998;35.11111;-19.555555;59.22221999999999;0.30747290000000005;-2.020234;6
248.0;13.0;9;0.0;0.0;0.7777786;0.20740782;1.111112;0.29629365;104.111115;88.22222;128.44444;95.666664;-47.666668;73.0;-25.333334;128.44444;0.31315902;-2.2870803;2
115.0;182.0;9;0.0;0.0;0.5555558;1.0470418;0.7222228;1.1434194;17.592592;15.444445000000002;14.0;23.333334;-6.4444447;-10.777778;17.222220999999998;23.333334;0.39944676;1.9375944;7
32.0;95.0;9;0.0;0.0;1.2777776;1.0407408;2.2222223;3.096295;3.148148;0.7777778000000001;7.4444447;1.2222222;-7.111111;12.888889;-5.7777777000000015;7.4444447;0.9195971;-2.1519582;3
191.0;162.0;9;0.0;0.0;2.6111114;1.8851837;14.166667000000002;210.92223;40.962963;34.88889;50.11111;37.88889;-18.222221;27.444445;-9.222222;50.666668;0.298124;-2.555683;6
96.0;130.0;9;0.0;0.0;0.5555555;0.45542008;1.2222222;0.65546143;2.4074075;0.44444445;5.0;1.7777778000000002;-5.888889;7.7777777000000015;-1.8888888;5.0;0.93121696;-2.3662155;3
214.0;161.0;9;0.0;0.0;3.7222223;0.72963357;11.5;18.922234;40.444443;35.333336;49.666668;36.333336;-15.333332999999998;27.666666;-12.333333;49.666668;0.29805613;-2.198939;6
44.0;187.0;9;0.0;0.0;1.4444448;0.34426490000000004;0.8333335;1.0274024;15.222222;13.222222;12.777778;19.666668;-6.0;-7.333333500000001;13.333332999999998;19.666668;0.35552603;2.0384830000000003;7
23.0;172.0;9;0.0;0.0;1.333334;0.8944271999999999;9.166667;5.856621700000002;42.333332;38.0;51.22222;37.77778;-13.0;26.666666;-13.666667000000002;51.22222;0.26545405;-2.1265585;6
214.0;195.0;9;0.0;0.0;0.8333333;0.6582802;2.0;0.9660913;46.555557;41.11111;57.33333199999999;41.22222;-16.333334;32.333332;-16.0;57.33333199999999;0.2902986;-2.1013772;6
189.0;187.0;9;0.0;0.0;1.2222227;1.0036974;3.0555553;2.3890193;48.51852;44.11111;59.88889;41.555557;-13.222222;34.11111;-20.88889;59.88889;0.30575457;-1.9474715;6
108.0;144.0;9;0.0;0.0;0.38888893;0.15185183;0.22222222;0.07407406;0.962963;0.0;2.8888888;0.0;-2.8888888;5.7777777000000015;-2.8888888;2.8888888;1.0;-2.0943952;3
78.0;30.0;9;0.0;0.0;0.6666667;0.66666555;0.944444;0.7722014;112.96296;99.333336;131.11111;108.44444;-40.88889;54.44444300000001;-13.555554999999998;131.11111;0.24233662;-2.3950639;2
228.0;22.0;9;0.0;0.0;1.1111107;0.8606628000000001;1.3888887;0.9756292;49.666668;42.77778;62.88889;43.333332;-20.666666;39.666668;-19.0;62.88889;0.3194739;-2.123537;4
236.0;42.0;9;0.0;0.0;0.72222394;0.46296337;1.3888906;1.4407468;135.2963;128.11111;146.44444;131.33334;-21.555555;33.444443;-11.888889;146.44444;0.12513736;-2.2822175;2
142.0;208.0;9;0.0;0.0;1.9444442;2.6407385;2.4999995;1.3222219;18.555555;15.444445000000002;14.888889;25.333334;-9.333333;-11.0;20.333334;25.333334;0.4408947;2.1022124;7
93.0;67.0;9;0.0;0.0;1.7222208;1.3891102;1.4999994;1.1879022;60.74074;53.0;75.888885;53.33333199999999;-23.222221;45.444443;-22.222221;75.888885;0.303044;-2.109804;4
195.0;136.0;9;0.0;0.0;1.1666666;0.52222216;1.1666667;0.47777748;2.4444444;0.6666667;5.7777777000000015;0.8888889000000001;-5.3333335;10.0;-4.6666665;5.7777777000000015;0.9111552;-2.1303394;5
239.0;32.0;9;0.0;0.0;0.7777786;0.20740789;1.5000013;1.1888878;121.44444;110.22222;138.11111;116.0;-33.666668;50.0;-16.333334;138.11111;0.2018977;-2.3093905;2
44.0;157.0;9;0.0;0.0;0.83333397;0.30000025;2.9444444;7.618520299999999;24.296297;19.222221;24.222221;29.444445;-15.222222;-0.22222222;15.444445000000002;29.444445;0.35004318;2.6043034;7
118.0;85.0;9;0.0;0.0;3.2777777;4.418521;2.277778;6.8185186;8.185185;3.5555556000000004;14.888889;6.111111;-13.888889;20.11111;-6.2222222999999985;14.888889;0.7741213;-2.3290927000000003;3
58.0;111.0;9;0.0;0.0;3.2222223;3.4518514;2.0555556;0.9518509;19.333334;15.555554999999998;26.222221;16.222223;-11.333333;20.666666;-9.333333;26.222221;0.40922624;-2.1537185;5
214.0;108.0;9;0.0;0.0;0.6666667;0.365148;0.6666667;0.29814258;16.925926;13.555554999999998;23.444445;13.777778;-10.111111;19.555555;-9.444445;23.444445;0.42167473;-2.117648;5
193.0;66.0;9;0.11111111;0.0;1.3888906;1.4407413999999998;0.88888806;0.60741055;95.111115;80.66667;118.77778;85.888885;-43.333332;71.0;-27.666666;118.77778;0.32066384;-2.2357008;2
43.0;141.0;9;0.0;0.0;0.44444442;0.17213267;0.16666667;0.18257418;0.7777778000000001;0.0;2.3333335;0.0;-2.3333333;4.6666665;-2.3333333;2.3333335;1.0;-2.0943952;5
185.0;35.0;9;0.0;0.0;1.3888868;1.0417228;1.1666654;0.80966425;109.11111499999998;96.44444;125.44444;105.44444;-38.0;49.0;-11.0;125.44444;0.23116584;-2.4202032000000004;2
152.0;18.0;9;0.0;0.0;0.7777774000000001;0.4554219;0.55555725;0.27216440000000003;112.11111499999998;97.22222;130.44444;108.66666399999998;-44.666668;55.0;-10.333333;130.44444;0.2546684;-2.45498;2
13.0;191.0;9;0.0;0.0;3.5555556000000004;5.4074097000000005;7.777778;40.02962;25.296297;23.555555;29.888890000000004;22.444445;-5.2222222999999985;13.777778;-8.555555;30.11111;0.2371126;-1.8582636;6
202.0;140.0;9;0.0;0.0;0.72222215;0.49065349;0.44444445;0.34426528;1.037037;0.7777778000000001;1.8888888;0.44444445;-0.7777778000000001;2.5555556;-1.7777778000000002;1.8888888;0.8148148000000001;-1.8388771;5
49.0;139.0;9;0.0;0.0;0.16666669;0.07777779;0.33333337;0.08888889999999999;0.44444445;0.0;1.3333334;0.0;-1.3333334;2.6666667;-1.3333334;1.3333334;0.7777778000000001;-2.0943952;3
235.0;81.0;9;0.0;0.0;1.388889;0.41851807;0.77777773;0.2962964;3.4814816;1.0;7.4444447;2.0;-7.4444447;11.888889;-4.4444447;7.4444447;0.88121694;-2.2481337000000003;3
51.0;111.0;9;0.0;0.0;16.222223;16.443394;0.44444498;0.34426522;34.11111;30.333334000000004;42.22222;29.777779;-11.333333;24.333334;-13.0;42.22222;0.29035455;-2.0057423;4
190.0;136.0;9;0.0;0.0;2.277778;1.529629;2.8333333;0.61111045;4.851852;2.8888888;8.555555;3.1111112000000003;-5.888889;11.111111;-5.2222222999999985;8.555555;0.70975137;-2.1239047;4
22.0;114.0;9;0.11111111;0.0;0.94444436;1.1626916;1.1666664;0.40824813;30.481482;24.444445;40.77778;26.222221;-18.11111;30.888890000000004;-12.777778;40.77778;0.4005362;-2.2071579;5
9.0;76.0;9;0.0;0.0;1.2777778;1.4207457;1.6666666;1.8618987;2.4444444;0.8888889000000001;4.666667;1.7777778000000002;-4.6666665;6.666666499999999;-2.0;4.666667;0.87222224;-2.3408008;3
28.0;112.0;9;0.0;0.0;0.72222215;0.41851833;0.5555555;0.16296297;5.9259257000000005;7.111111;7.2222222999999985;3.4444444;3.5555556000000004;3.8888888;-7.4444447;7.5555553;0.5440917;-1.0582771;1
69.0;139.0;9;0.0;0.0;2.8333328;1.7732588;2.1111112000000003;1.6688870999999998;18.074074;16.0;22.555555;15.666667000000002;-6.2222222999999985;13.444445000000002;-7.2222222999999985;23.88889;0.38661182;-1.7028333999999998;3
80.0;87.0;9;0.0;0.11111111;24.388891;572.9964;44.722225;1386.3292;67.44444;58.77778000000001;79.0;64.55556;-26.0;34.666668;-8.666667;79.0;0.30628127;-2.4221272000000003;3
1.0;81.0;9;0.0;0.0;12.166667;267.45554;9.222222;205.36296;21.333334;14.0;30.555555;19.444445;-22.0;27.666666;-5.6666665;30.555555;0.5952821999999999;-2.438409;3
25.0;198.0;9;0.0;0.0;2.8333328;1.3457742;4.1111107;3.3444247000000003;48.703705;42.77778;61.0;42.333336;-17.777779000000006;36.88889;-19.11111;61.0;0.30964476;-2.070717;6
234.0;164.0;9;0.0;0.0;0.5000002;0.2111112;3.0;8.04445;13.666667000000002;11.666667;15.0;14.333332999999998;-6.0;4.0;2.0;16.88889;0.29914993;2.87512;7
229.0;195.0;9;0.0;0.0;4.166666;2.2779152000000003;4.111111;2.2476342;47.703705;42.444443;58.88889;41.77778;-15.777778;33.555557;-17.777779000000006;58.88889;0.29027814;-2.0527046;6
13.0;73.0;9;0.0;0.0;1.3888887;0.72962976;2.611111;3.1296275;19.074074;19.222221;24.11111;13.888889;0.44444445;15.111111;-15.555554999999998;24.11111;0.42150384;-1.5242527;1
28.0;162.0;9;0.11111111;0.0;1.1666666;0.6236098000000001;1.4444443;1.3277662;25.11111;19.666668;26.11111;29.555555;-16.333334;3.0;13.333332999999998;29.555555;0.33512673;2.769038;7
107.0;191.0;9;0.0;0.0;3.722222;2.999382;2.8888874;2.7862093;62.037037;54.44444300000001;78.111115;53.55555699999999;-22.777779;48.22222;-25.444445;78.111115;0.31468270000000004;-2.0561104;6
91.0;120.0;9;0.0;0.0;1.3888893;0.9289578000000002;0.61111146;0.77220225;16.851851999999994;11.222222;25.777779;13.555554999999998;-16.88889;26.777779;-9.888889;25.777779;0.5621581999999999;-2.2308207;3
84.0;65.0;9;0.0;0.0;0.7222214;0.37407157;2.0;0.7111089;125.66666399999998;115.33333600000002;141.66666999999995;120.0;-31.0;48.0;-17.0;141.66666999999995;0.18565786;-2.2737436;2
234.0;175.0;9;0.0;0.0;1.9444441000000003;1.323576;3.4444454;2.2574966;57.77778000000001;50.666668;72.66667;50.0;-21.333334;44.666668;-23.333334;72.66667;0.31203708;-2.0637763;6
154.0;120.0;9;0.0;0.0;0.44444442;0.029629596;0.4444445;0.11851845;5.9629629999999985;7.7777777000000015;6.7777777000000015;3.3333333;5.4444447;2.4444444;-7.888889;7.7777777000000015;0.5694444000000001;-0.8204030000000001;1
190.0;186.0;9;0.0;0.11111111;2.722222;2.2451591;6.0555553;2.8159592;50.074074;45.666668;60.22221999999999;44.333332;-13.222222;30.444445;-17.222220999999998;60.22221999999999;0.26619545;-2.0288115;6
56.0;107.0;9;0.0;0.0;1.1111107;0.20740713;4.7222230000000005;20.196299;49.814816;46.22222;58.33333199999999;44.88889;-10.777778;25.555555;-14.777778;58.33333199999999;0.23045462;-1.9914447;4
84.0;62.0;9;0.0;0.0;0.72222203;0.49065322;0.9444434000000002;0.77220213;61.037037;53.44444300000001;76.22222;53.44444300000001;-22.777779;45.555557;-22.777779;76.22222;0.3031787;-2.0937438000000004;4
141.0;62.0;9;0.0;0.0;1.888889;2.118518;3.3888886;6.3740745;27.37037;23.777779;37.666668;20.666668;-10.777778;30.888890000000004;-20.11111;37.666668;0.4503053;-1.8884078;1
33.0;114.0;9;0.0;0.0;0.55555516;0.07407411;0.49999985;0.21111098;16.11111;11.777778;24.11111;12.444445;-13.0;24.0;-11.0;24.11111;0.51092404;-2.1490734;5
31.0;106.0;9;0.0;0.0;1.6111107;0.7296303000000001;0.7222223000000001;1.1740737;19.11111;19.555555;23.666666;14.111111;1.3333334;13.666667000000002;-15.0;23.666666;0.40322387;-1.4845796;1
201.0;120.0;9;0.11111111;0.0;3.9444444;14.774076;3.722222;9.618522;3.7407408;1.4444444;7.666666499999999;2.1111112000000003;-6.888889;11.777778;-4.888889;7.666666499999999;0.8930539000000001;-2.180291;3
253.0;150.0;9;0.0;0.0;0.0;0.0;0.0;0.0;0.0;0.0;0.0;0.0;0.0;0.0;0.0;0.0;0.0;0.0;5
159.0;180.0;9;0.11111111;0.0;1.5555557;0.87407404;3.277778;3.3962972;21.25926;18.11111;18.11111;27.555555;-9.444445;-9.444445;18.88889;27.555555;0.3588616;2.1139183;7
54.0;142.0;9;0.0;0.0;0.7222223000000001;0.82775915;2.0;2.1081848;1.8148148;0.8888889000000001;3.6666667;0.8888889000000001;-2.7777777;5.5555553;-2.7777777;3.6666667;0.76944447;-2.0943952;5
59.0;99.0;9;0.0;0.0;0.77777785;0.8296296999999999;0.99999994;0.3555556;2.0370371;0.11111111;5.5555553;0.44444445;-5.7777777000000015;10.555555;-4.7777777000000015;5.5555553;0.9861111;-2.149743;3
229.0;195.0;9;0.0;0.0;4.166666;2.2779152000000003;4.111111;2.2476342;47.703705;42.444443;58.88889;41.77778;-15.777778;33.555557;-17.777779000000006;58.88889;0.29027814;-2.0527046;6
215.0;153.0;9;0.0;0.11111111;19.666666;8.044466;1.1111113;3.8962963;8.333333;5.3333335;13.444445000000002;6.2222222999999985;-9.0;15.333332999999998;-6.3333335;13.444445000000002;0.7695767;-2.1438897;5
84.0;51.0;9;0.0;0.0;1.7777777;1.6296308000000002;2.6666672;0.88888854;25.74074;22.666666;35.11111;19.444445;-9.222222;28.11111;-18.88889;35.11111;0.44611752;-1.8730317;1
80.0;116.0;9;0.0;0.0;1.5;1.6333328;1.5555557;0.87407404;21.703703;21.222221;27.555555;16.333334;-1.4444444;17.555555;-16.11111;27.555555;0.40736422;-1.6322426;1
105.0;193.0;9;0.0;0.0;3.222222;1.9051597;2.8888893;2.1773255;60.11111;53.11111;75.111115;52.11111;-21.0;45.0;-24.0;75.111115;0.30846536;-2.047766;6
190.0;81.0;9;0.0;0.0;1.2222214;0.6518519;1.8333334;0.34444275;42.925926;39.444443;51.555557;37.77778;-10.444445;25.88889;-15.444445000000002;51.555557;0.26725134;-1.9704217;4
252.0;76.0;9;0.0;0.0;1.7222214;1.1434186000000002;0.5555547;0.34426576;42.296295;36.0;54.11111;36.77778;-18.88889;35.444443;-16.555555;54.11111;0.334876;-2.1390017999999995;4
244.0;108.0;9;0.0;0.0;6.5;5.1022862999999985;1.7222223;0.827759;23.703703;20.0;30.444445;20.666668;-11.111111;20.222221;-9.111111;30.444445;0.36533174;-2.1543908;5
115.0;156.0;9;0.0;0.0;0.3888887;0.38968167;1.0555553;0.6469302;24.25926;17.222223;26.0;29.555555;-21.11111;5.2222222999999985;15.888889;29.555555;0.41732758;2.8434196;7
115.0;183.0;9;0.0;0.0;0.77777797;0.38518497;1.9999996;1.4666661;18.11111;14.0;17.333334;23.0;-12.333333;-2.3333333;14.666667000000002;23.0;0.39236423;2.4831982000000004;7
158.0;186.0;9;0.0;0.0;0.88888884;0.3407409;1.4999999;1.8111099;12.074074;9.333334;10.777778;16.11111;-8.222222;-3.8888888;12.111111;16.11111;0.4288645;2.3195195;7
11.0;108.0;9;0.0;0.0;1.3333335;0.80000025;1.3888888;0.95185167;17.666666;19.0;21.11111;12.888889;4.0;10.333333;-14.333332999999998;21.11111;0.38875645;-1.3021333000000002;1
183.0;66.0;9;0.0;0.0;1.277778;0.82775986;2.555556;1.8934586;42.11111;41.555557;45.88889;38.88889;-1.6666666;11.333333;-9.666667;45.88889;0.15200906;-1.6838505;4
133.0;181.0;9;0.0;0.0;2.3888893;2.1645303;4.777777;2.8648567000000003;41.25926;37.77778;49.555557;36.444443;-10.444445;24.88889;-14.444445000000002;49.555557;0.2656194000000001;-1.9983681;6
217.0;122.0;9;0.0;0.0;0.33333316;0.13333336;0.5;0.3;6.0;7.2222222999999985;7.333333500000001;3.4444444;3.6666667;4.0;-7.666666499999999;7.666666499999999;0.55180776;-1.0514401000000002;1
122.0;106.0;9;0.11111111;0.0;1.611111;0.59629595;1.6111113;2.7296302000000003;23.037037;22.0;29.888890000000004;17.222223;-3.1111112000000003;20.555555;-17.444445;29.888890000000004;0.42334643;-1.6958038;1
125.0;56.0;9;0.0;0.0;2.666666;3.6444438;2.7222216;1.5740722;28.62963;26.11111;37.666668;22.11111;-7.5555553;27.11111;-19.555555;37.666668;0.41393992;-1.8199148;1
128.0;144.0;9;0.0;0.0;0.0;0.0;0.0;0.0;0.0;0.0;0.0;0.0;0.0;0.0;0.0;0.0;0.0;0.0;5
225.0;244.0;9;0.0;0.0;3.3888886;2.1951127;2.9999998;1.5202343;12.259259;10.333334;9.333334;17.11111;-5.7777777000000015;-8.777778;14.555554999999998;17.11111;0.48014903;1.9879022;7
152.0;220.0;9;0.0;0.0;0.94444466;0.6851854000000001;1.4444448;2.1629636000000003;14.62963;11.555555;13.111111;19.222221;-9.222222;-4.5555553;13.777778;19.222221;0.41670507;2.3068845;7
109.0;146.0;9;0.0;0.0;0.055555556;0.13608277;0.055555556;0.13608277;0.037037037;0.0;0.11111111;0.0;-0.11111111;0.22222222;-0.11111111;0.11111111;0.11111111;-2.0943952;3
224.0;63.0;9;0.0;0.0;0.77777606;0.29629365;0.66666794;0.17777742;120.22222;108.44444;137.55556;114.66666399999998;-35.333332;52.0;-16.666666;137.55556;0.21148404;-2.3158848;2
249.0;207.0;9;0.22222222;0.0;2.7222226000000003;0.9289574;0.8888889999999999;0.27216536;12.148149;9.555555;10.333334;16.555555;-7.7777777000000015;-5.4444447;13.222222;16.555555;0.43238926;2.2172632;7
18.0;123.0;9;0.0;0.0;0.72222227;0.86296284;0.6111111;0.41851848;1.074074;0.11111111;2.6666667;0.44444445;-2.8888888;4.7777777000000015;-1.8888888;2.6666667;0.9814815;-2.1692097;3
139.0;121.0;9;0.0;0.0;1.0555555;0.41851884;1.1666666;0.83333385;3.7037036;0.7777778000000001;7.7777777000000015;2.5555556;-8.777778;12.222222;-3.4444444;7.7777777000000015;0.9074074;-2.351514;3
139.0;86.0;9;0.11111111;0.0;1.4444447;1.2740743;1.222222;1.3185184;26.481482;24.222221;35.0;20.222221;-6.7777777000000015;25.555555;-18.777779;35.0;0.4214949000000001;-1.8048292;1
145.0;90.0;9;0.0;0.0;1.0;0.5777784;2.0;0.399999;24.851852;23.666666;32.22222;18.666668;-3.5555556000000004;22.11111;-18.555555;32.22222;0.4205985;-1.7059416;1
104.0;103.0;9;0.11111111;0.0;0.94444466;0.5340273;0.6666673000000001;0.59628505;58.88889;52.22222;72.66667;51.77778;-20.0;41.333332;-21.333334;72.66667;0.28739437;-2.0711336;4
138.0;49.0;9;0.0;0.0;1.0555573;0.9289595;1.7777799;1.0680549;124.03704;113.11111499999998;140.44444;118.55556;-32.77778;49.22222;-16.444445;140.44444;0.19462235;-2.303412;2
42.0;201.0;9;0.0;0.0;2.1111107;2.0184336;4.333332;4.7234635;59.33333199999999;52.55555699999999;74.0;51.444443;-20.333334;44.0;-23.666666;74.0;0.30660859999999995;-2.042514;6
187.0;89.0;9;0.0;0.0;1.7777777;1.7469549;0.9444444;0.80046284;5.0370370000000015;2.8888888;9.555555;2.6666667;-6.4444447;13.555554999999998;-7.111111;9.555555;0.74090356;-2.0653422;5
226.0;144.0;9;0.0;0.0;0.0;0.0;0.0;0.0;0.0;0.0;0.0;0.0;0.0;0.0;0.0;0.0;0.0;0.0;5
240.0;16.0;9;0.0;0.0;0.44444403;0.1629624;1.6666666;1.1555537;102.51852;87.55556;125.0;95.0;-44.88889;67.44444;-22.555555;125.0;0.29960132;-2.3024683;2
180.0;97.0;9;0.0;0.0;0.94444275;0.32963142;1.0;0.6666667;134.37038;126.55556;145.44444;131.11111;-23.444445;33.22222;-9.777778;145.44444;0.12984978;-2.3462343;2
123.0;94.0;9;0.0;0.0;0.50000066;0.07777796;0.8333333;0.033333335;21.444445;16.88889;30.444445;17.0;-13.666667000000002;27.0;-13.333332999999998;30.444445;0.4521822;-2.1009657;5
174.0;77.0;9;0.0;0.0;1.0000025;0.31110775;1.2777761;1.3518436000000005;135.92592;128.55556;147.33334;131.88889;-22.11111;34.22222;-12.111111;147.33334;0.12738518;-2.2771459;2
29.0;81.0;9;0.11111111;0.0;2.6111107;3.7518525;2.7222216;3.7518525;20.481482;20.11111;26.11111;15.222222;-1.1111112;16.88889;-15.777778;26.11111;0.41266233;-1.5663354;1
14.0;110.0;9;0.0;0.0;1.7222224;5.3518504999999985;2.6666667;1.0222229;17.925926;18.88889;21.444445;13.444445000000002;2.8888888;10.555555;-13.444445000000002;21.444445;0.36884832;-1.3450956;1
228.0;114.0;9;0.0;0.0;0.38888875;0.06296294;0.83333325;0.12222214;5.888889;7.0;7.4444447;3.2222223;3.3333333;4.6666665;-8.0;7.4444447;0.5674603;-1.1518371;1
197.0;58.0;9;0.0;0.0;0.8333345999999999;0.62360954;1.4444441;1.0036969;122.25926;110.44444;138.77778999999998;117.55556;-35.444443;49.555557;-14.111111;138.77778999999998;0.20414667;-2.357271;2
170.0;143.0;9;0.0;0.0;0.0;0.0;0.0;0.0;0.0;0.0;0.0;0.0;0.0;0.0;0.0;0.0;0.0;0.0;5
83.0;83.0;9;0.11111111;0.0;0.7777786;0.7851843000000001;1.666666;3.1111119;49.851852;46.0;59.55555699999999;44.0;-11.555555;29.11111;-17.555555;59.55555699999999;0.26060534;-1.958524;4
202.0;63.0;9;0.0;0.0;0.38888907;0.32773090000000005;0.44444466;0.27216563;6.0740743;4.0;10.555555;3.6666667;-6.2222222999999985;13.444445000000002;-7.2222222999999985;10.555555;0.65353537;-2.04457;5
50.0;109.0;9;0.0;0.0;2.222222;1.2296311000000002;1.9999996;5.911112;5.6666665;2.5555556;9.666667;4.7777777000000015;-9.333333;12.0;-2.6666667;9.666667;0.7607343000000001;-2.4139924;3
58.0;19.0;9;0.0;0.0;1.6111094;0.41851503;1.4999975;1.2777733;129.92592;121.0;142.66666999999995;126.11111499999998;-26.777779;38.22222;-11.444445;142.66666999999995;0.15181188;-2.3407645;2
96.0;133.0;9;0.0;0.0;0.055555556;0.01851852;0.22222222;0.029629637;0.4814815;0.0;1.4444444;0.0;-1.4444444;2.8888888;-1.4444444;1.4444444;1.0;-2.0943952;3
182.0;135.0;9;0.0;0.0;4.222222;1.1287482;1.1111103;1.0255978;32.703705;28.555555;41.0;28.555555;-12.444445;24.88889;-12.444445;41.0;0.30882394;-2.0932033;4
243.0;94.0;9;0.0;0.0;0.6666666;0.31111112;0.22222221;0.029629631;1.1851851999999998;0.22222222;3.2222223;0.11111111;-2.8888888;6.111111;-3.2222223;3.2222223;0.9777778;-2.0712416;5
2.0;44.0;9;0.0;0.0;2.1666672;2.3888876;2.3888896;1.5296285;18.74074;17.333334;25.222221;13.666667000000002;-4.2222222999999985;19.444445;-15.222222;25.222221;0.45768142;-1.7537255;1
23.0;129.0;9;0.0;0.0;0.5;0.077777795;0.38888887;0.15185186;0.5185185;0.0;1.5555556;0.0;-1.5555556;3.1111112000000003;-1.5555556;1.5555556;0.7777778000000001;-2.0943952;3
164.0;178.0;9;0.22222222;0.0;1.3888887;0.86296487;2.5000002;1.4555563;23.814816;20.222221;21.11111;30.11111;-10.777778;-8.111111;18.88889;30.11111;0.32921228;2.1903052000000005;7
115.0;111.0;9;0.0;0.0;0.55555564;0.40368685;1.9444437;1.0417223;18.037037;9.666667;30.11111;14.333332999999998;-25.11111;36.22222;-11.111111;30.11111;0.67951304;-2.3333182;3
186.0;98.0;9;0.0;0.0;1.2777783;1.1816506000000002;5.944444;3.0798028;33.962963;31.0;41.0;29.888890000000004;-8.888889;21.11111;-12.222222;41.0;0.2656978;-1.9603096;4
70.0;122.0;9;0.0;0.0;3.6666667;4.033196;4.111111;3.7810435;19.88889;17.88889;25.11111;16.666667999999998;-6.0;15.666667000000002;-9.666667;26.444445;0.40249237;-1.5402138;3
195.0;161.0;9;0.0;0.0;2.1111107;1.8074051;10.499999;91.32222;41.48148;36.0;51.11111;37.333336;-16.444445;28.888890000000004;-12.444445;51.22222;0.29470626;-2.3165061;6
75.0;226.0;9;0.0;0.0;2.2222226000000003;0.6554613;1.611111;1.0201668;16.703703;15.333332999999998;13.0;21.777779;-4.111111;-11.111111;15.222222;21.777779;0.40474883;1.8223403;7
133.0;102.0;9;0.0;0.11111111;22.055555;374.5964;29.888887;488.02975;44.037037;37.444443;52.66666800000001;42.0;-19.777779;25.88889;-6.111111;52.66666800000001;0.3978916;-2.4168172;3
124.0;201.0;9;0.0;0.0;1.944445;1.9597805;2.0555556;1.306678;17.88889;14.0;14.888889;24.777779;-11.666667;-9.0;20.666666;24.777779;0.43971756;2.1769927000000004;7
145.0;33.0;9;0.0;0.0;0.8888893;0.27216268;0.88888806;0.6206335999999999;124.55556;113.22222;140.88889;119.55556;-34.0;49.0;-15.0;140.88889;0.19629721;-2.3335373;2
69.0;81.0;9;0.0;0.0;1.833333;2.2111096000000003;1.8333334;1.0111104;19.851852;20.333334;24.666666;14.555554999999998;1.4444444;14.444445000000002;-15.888889;24.666666;0.41030994;-1.472378;1
19.0;102.0;9;0.0;0.0;3.88889;1.5006163;1.1666666;0.62360954;58.37037;50.666668;73.44444;51.0;-23.11111;45.22222;-22.11111;73.44444;0.317014;-2.1020474;4
141.0;17.0;9;0.11111111;0.22222222;3.7222226;4.4493027000000005;5.0;2.319004;44.592594;40.333336;54.0;39.444443;-12.777778;28.222221;-15.444445000000002;54.0;0.26818594;-2.030048;4
208.0;154.0;9;0.0;0.11111111;11.666667;125.8667;0.94444424;0.68518424;8.703704;5.888889;13.888889;6.3333335;-8.444445;15.555554999999998;-7.111111;13.888889;0.77151674;-2.0669158;5
221.0;30.0;9;0.0;0.0;1.0555556;0.8541837;1.6666666;1.6329935;8.481482000000002;6.111111;13.111111;6.2222222999999985;-7.111111;13.888889;-6.7777777000000015;13.111111;0.5185864;-2.05997;5
227.0;195.0;9;0.11111111;0.0;2.5;2.2385526;3.5000007000000006;2.8886762000000004;47.74074;42.77778;58.55555699999999;41.88889;-14.888889;32.444443;-17.555555;58.55555699999999;0.28449497;-2.038956;6
53.0;53.0;9;0.0;0.0;1.0000013;0.44444403;1.1111094;0.42962876;113.14815;104.333336;130.22223;104.88888500000002;-26.444445;51.22222;-24.777779;130.22223;0.20048407;-2.117007;2
73.0;164.0;9;0.0;0.0;0.94444436;0.5741329000000001;1.888889;1.0470407;23.148148000000006;21.777779;19.11111;28.555555;-4.111111;-12.111111;16.222220999999998;28.555555;0.330345;1.7983025;7
52.0;102.0;9;0.0;0.0;0.72222227;0.50740725;0.8333333;0.5666668;2.8888888;0.6666667;6.3333335;1.6666666;-6.666666499999999;10.333333;-3.6666667;6.3333335;0.89973545;-2.2617195;3
25.0;41.0;9;0.0;0.0;1.0;0.5777743000000001;1.4999987;0.65555346;113.40741;103.888885;131.22223;105.11111499999998;-28.555555;53.44444300000001;-24.88889;131.22223;0.20829348;-2.1398222;2
88.0;88.0;9;0.0;0.0;0.833333;0.4777776;2.888889;2.3851826000000003;22.148148000000006;21.333334;28.444445;16.666667999999998;-2.4444444;18.88889;-16.444445;28.444445;0.41330814;-1.6537874;1
227.0;196.0;9;0.0;0.0;2.6111114;2.360949;3.5555565;1.6953093999999995;47.185184;42.11111;58.22221999999999;41.22222;-15.222222;33.11111;-17.88889;58.22221999999999;0.29246890000000003;-2.0394914;6
38.0;116.0;9;0.0;0.0;0.9444445;0.24074072;1.2222222;1.0962965;2.8148148;0.5555555999999999;5.6666665;2.2222223;-6.7777777000000015;8.555555;-1.7777778000000002;5.6666665;0.9126984;-2.4202576;3
205.0;83.0;9;0.0;0.0;24.555555;688.0741;8.333333;121.24443;23.296297;19.777779;28.555555;21.555555;-10.555555;15.777778;-5.2222222999999985;28.555555;0.5041609;-2.3213427;3
196.0;93.0;9;0.0;0.0;1.7777777;2.562963;1.5;0.92222214;5.0;2.0;9.333334;3.6666667;-9.0;13.0;-4.0;9.333334;0.8086198;-2.3294232000000004;3
174.0;145.0;9;0.0;0.0;0.0;0.0;0.0;0.0;0.0;0.0;0.0;0.0;0.0;0.0;0.0;0.0;0.0;0.0;5
90.0;134.0;9;0.0;0.0;0.38888887;0.018518528;0.94444436;0.1518523;2.1111112000000003;1.0;4.666667;0.6666667;-3.3333333;7.666666499999999;-4.3333335;4.666667;0.88148147;-2.0131435;5
151.0;89.0;9;0.0;0.0;8.388889;4.577317;0.72222203;0.38968238;31.703703000000004;27.333334000000004;41.0;26.777779;-13.111111;27.888890000000004;-14.777778;41.0;0.35127252;-2.0465415;4
121.0;237.0;9;0.0;0.0;1.3333331;1.155555;1.5555553;0.785185;7.481481599999999;6.111111;5.111111;11.222222;-4.111111;-7.111111;11.222222;11.222222;0.55723476;1.9384677;7
60.0;52.0;9;0.0;0.0;0.7222225999999999;0.5963010999999999;0.7777774000000001;0.7407436;111.62963;101.0;129.22223;104.666664;-31.888890000000004;52.77778000000001;-20.88889;129.22223;0.21837935;-2.2296848;2
123.0;68.0;9;0.0;0.0;0.944444;0.5741345999999999;0.72222394;0.57413423;107.37037;94.22222;126.33333600000002;101.55556;-39.444443;56.88889;-17.444445;126.33333600000002;0.25415963;-2.333212;2
189.0;48.0;9;0.0;0.0;0.72222203;0.38968173;4.6666665;4.3050365;42.074074;38.77778;49.88889;37.555557;-9.888889;23.444445;-13.555554999999998;49.88889;0.24524052;-2.0032587;4
55.0;108.0;9;0.0;0.0;6.3888893;22.507414;3.388889;10.107411;8.666667;5.111111;14.111111;6.7777777000000015;-10.666667;16.333334;-5.6666665;14.111111;0.7054819;-2.275553;3
47.0;232.0;9;0.0;0.0;1.2777778;1.254621;1.0;0.8944273000000001;12.703704;11.0;9.0;18.11111;-5.111111;-11.111111;16.222220999999998;18.11111;0.50096595;1.875362;7
77.0;185.0;9;0.0;0.0;2.944445;7.6629586;6.2222214000000005;32.118523;32.555557;29.222221;39.666668;28.777779;-10.0;21.333334;-11.333333;39.666668;0.27036038;-2.0852716;6
20.0;117.0;9;0.0;0.0;0.0;0.0;0.0;0.0;0.0;0.0;0.0;0.0;0.0;0.0;0.0;0.0;0.0;0.0;3
74.0;64.0;9;0.0;0.0;1.8333327;1.2064646;2.0;1.1155467;56.59259399999999;49.666668;71.0;49.11111;-20.777779;43.22222;-22.444445;71.0;0.3130033;-2.0671675;4
171.0;15.0;9;0.0;0.0;0.66666794;0.55777216;0.66666794;0.6992054;113.74074;100.111115;132.0;109.11111499999998;-40.88889;54.77778000000001;-13.888889;132.0;0.24157602;-2.3890254;2
48.0;81.0;9;0.0;0.0;0.6111107;0.24074274;0.88889056;0.42962864;112.92593;105.66666399999998;128.88889;104.22222;-21.777779;47.88889;-26.11111;128.88889;0.19307978;-2.0334873;2
37.0;104.0;9;0.0;0.0;7.8333325;9.713106;22.111109;21.61858;18.62963;14.888889;23.444445;17.555555;-11.222222;14.444445000000002;-3.2222223;23.444445;0.6076133;-2.4250698;3
23.0;86.0;9;0.0;0.0;0.88888913;0.6518528;1.7222221999999998;1.3074087;18.592592;18.555555;23.555555;13.666667000000002;-0.11111111;14.888889;-14.777778;23.555555;0.41791564;-1.5415015;1
174.0;115.0;9;0.0;0.0;2.444444;3.407407;3.6666663;12.266669;29.481482;23.11111;40.11111;25.222221;-19.11111;31.888890000000004;-12.777778;40.11111;0.42149335;-2.2186553;5
247.0;115.0;9;0.0;0.0;3.555556;1.8094409;1.3888897;1.3066785;28.851852;24.88889;36.77778;24.88889;-11.888889;23.777779;-11.888889;36.77778;0.33166277;-2.094392;4
83.0;143.0;9;0.0;0.0;1.2777767;1.1038656999999998;1.2222214;0.54433095;50.37037;43.0;64.77778;43.333332;-22.11111;43.22222;-21.11111;64.77778;0.34122859999999994;-2.1089952000000003;4
60.0;196.0;9;0.0;0.0;1.4444447;1.0470428;4.444444;1.9962916;51.148148;45.333332;63.33333199999999;44.77778;-17.444445;36.555557;-19.11111;63.33333199999999;0.29768870000000003;-2.059262;6
50.0;199.0;9;0.0;0.0;3.2222226000000003;2.9789395;5.611111;4.6159945;55.66666800000001;49.11111;69.77778;48.11111;-19.666666;42.333332;-22.666666;69.77778;0.31241447;-2.0454311;6
244.0;79.0;9;0.0;0.0;0.5555547;0.11851797;1.0555534;0.46296528;89.44444;73.55556;115.33333600000002;79.44444;-47.666668;77.666664;-30.0;115.33333600000002;0.36217153;-2.2416325;2
191.0;165.0;9;0.0;0.0;0.33333334;0.17777783;2.4444442000000004;1.140741;14.296296;12.0;14.111111;16.777779000000002;-6.888889;-0.5555555999999999;7.4444447;17.555555;0.31812865;2.5935428;7
38.0;106.0;9;0.0;0.0;2.2222223;2.5185175;2.1111114;3.1407404;20.0;20.0;25.11111;14.888889;0.0;15.333332999999998;-15.333332999999998;25.11111;0.40815476;-1.5576197;1
124.0;29.0;9;0.0;0.0;1.0000013;0.7111076;1.0555534;0.90741664;128.44444;119.22222;142.88889;123.22222;-27.666666;43.333332;-15.666667000000002;142.88889;0.16561614;-2.271128;2
43.0;152.0;9;0.0;0.0;1.9444445;1.7074082;1.2222222;0.8296299000000001;1.5185186000000002;1.0;2.8888888;0.6666667;-1.5555556;4.111111;-2.5555556;2.8888888;0.64867723;-1.9332389;5
223.0;185.0;9;0.0;0.0;0.5;0.34960312;2.3888886;2.0807757;12.962963;11.555555;9.777778;17.555555;-4.2222222999999985;-9.555555;13.777778;17.555555;0.44541803;1.8388497;7
120.0;74.0;9;0.0;0.0;0.3333346;0.08888922;0.50000125;0.07777796;101.85185;89.111115;123.22222;93.22222;-38.22222;64.111115;-25.88889;123.22222;0.2767844;-2.2205532000000003;2
40.0;57.0;9;0.0;0.0;1.1666654;0.72265136;1.3888906;0.8004639;123.55556;112.22222;139.0;119.44444;-34.0;46.333332;-12.333333;139.0;0.1924883;-2.376054;2
6.0;154.0;9;0.0;0.0;0.11111113;0.029629631;0.11111111;0.029629635;0.074074075;0.0;0.22222222;0.0;-0.22222222;0.44444445;-0.22222222;0.22222222;0.22222222;-2.0943952;5
233.0;197.0;9;0.0;0.11111111;3.8888874;2.78621;2.0;1.2649122;49.74074;44.333332;61.44444300000001;43.444443;-16.222220999999998;35.11111;-18.88889;61.44444300000001;0.29465598;-2.0433986;6
14.0;146.0;9;0.11111111;0.0;0.8888889999999999;0.4740738000000001;1.1111112;0.7407406999999999;10.592592;8.0;15.666667000000002;8.111112;-7.7777777000000015;15.222222;-7.4444447;15.666667000000002;0.48786426;-2.1089108;4
7.0;203.0;9;0.11111111;0.11111111;3.8888881;2.8570898;5.4444447;2.7460412999999995;54.0;47.666668;67.66667;46.666668;-19.0;41.0;-22.0;67.66667;0.31489635;-2.0400128;6
159.0;40.0;9;0.0;0.0;0.8888893;0.6206305;0.555556;0.17213097;125.14815;114.22222;141.66666999999995;119.55556;-32.77778;49.555557;-16.777779000000002;141.66666999999995;0.19366461;-2.2948995;2
34.0;137.0;9;0.0;0.0;0.5000002;0.16666673;1.111111;0.47407418;5.851852;7.7777777000000015;6.4444447;3.3333333;5.7777777000000015;1.7777778000000002;-7.5555553;7.7777777000000015;0.57363313;-0.74427164;1
140.0;125.0;9;0.0;0.0;0.2777779;0.06296301;0.66666675;0.31111118;6.185185;7.333333500000001;7.666666499999999;3.5555556000000004;3.4444444;4.4444447;-7.888889;7.7777777000000015;0.5456349;-1.1218182;1
23.0;142.0;9;0.0;0.0;0.38888893;0.1074074;0.9444444;0.37407392;5.0370370000000015;6.5555553;5.7777777000000015;2.7777777;4.5555553;2.2222223;-6.7777777000000015;6.5555553;0.57473546;-0.8297117;1
172.0;183.0;9;0.0;0.0;2.8888893;1.6821506000000002;4.0555553;3.0725813;56.33333199999999;50.444443;70.0;48.555557;-17.666666;41.0;-23.333334;70.0;0.30547154;-1.9975766;6
4.0;96.0;9;0.0;0.0;2.222222;2.9629638;1.5555555;2.2518516;3.5555556000000004;0.8888889000000001;7.7777777000000015;2.0;-8.0;12.666667;-4.6666665;7.7777777000000015;0.91006523;-2.2444818;3
143.0;114.0;9;0.0;0.0;1.5;0.80966365;0.3888887;0.389682;27.185184000000003;23.0;34.444447;24.11111;-12.555555;21.777779;-9.222222;34.444447;0.33188802;-2.196423;5
119.0;169.0;9;0.0;0.0;1.166667;0.98319227;0.9999997;0.91893625;25.962963;20.88889;25.0;32.0;-15.222222;-2.8888888;18.11111;32.0;0.34778315;2.4790645;7
189.0;142.0;9;0.0;0.0;0.0;0.0;0.0;0.0;0.0;0.0;0.0;0.0;0.0;0.0;0.0;0.0;0.0;0.0;5
46.0;235.0;9;0.0;0.0;1.9444445;1.8407409;1.7222223;3.5740730000000003;10.888889;7.5555553;9.333334;15.777778;-10.0;-4.6666665;14.666667000000002;15.777778;0.5203994000000001;2.3162425;7
188.0;42.0;9;0.0;0.0;0.7777786;0.5443299;1.6666679;1.2649081;108.92593;95.666664;126.22222;104.88888500000002;-39.77778;51.88889;-12.111111;126.22222;0.24193405;-2.4103878;2
47.0;119.0;9;0.11111111;0.0;2.2777777;2.2746592;1.3333334;1.3824296;4.3703704000000005;2.1111112000000003;6.7777777000000015;4.2222222999999985;-6.7777777000000015;7.2222222999999985;-0.44444445;6.7777777000000015;0.7329263;-2.587228;3
248.0;53.0;9;0.0;0.0;0.722229;0.2851884;0.8333333;0.70000815;134.77777;128.22223;145.77777;130.33334;-19.666666;33.0;-13.333332999999998;145.77777;0.12111875;-2.2174878;2
107.0;129.0;9;0.0;0.0;0.55555564;0.56296325;0.8888889000000001;0.8740743000000001;6.666666499999999;8.444445;7.5555553;4.0;5.3333335;2.6666667;-8.0;8.444445;0.53055555;-0.8439042999999999;1
51.0;64.0;9;0.0;0.0;17.5;1.2064549999999998;0.6666673000000001;0.6992055;40.0;35.22222;50.11111;34.666668;-14.333332999999998;30.333334000000004;-16.0;50.11111;0.31010145;-2.030269;4
23.0;237.0;9;0.0;0.0;1.6666666;2.444445;1.7777777;2.074075;5.851852;4.2222222999999985;4.5555553;8.777778;-4.888889;-3.8888888;8.777778;8.777778;0.54126585;2.1805263;7
70.0;197.0;9;0.0;0.11111111;2.7222226000000003;2.0156798;5.277778;3.2756114;54.851852;48.88889;68.0;47.666668;-17.88889;39.444443;-21.555555;68.0;0.29870403;-2.0335052;6
103.0;237.0;9;0.0;0.0;1.0000001;0.4444444;0.5555555;0.47407398;8.0;6.5555553;5.6666665;11.777778;-4.3333335;-7.0;11.333333;11.777778;0.5229992;1.9465016;7
69.0;17.0;9;0.0;0.0;0.61111194;0.10740544;0.6666667;0.31110770000000004;130.2963;120.77778;143.88889;126.22222;-28.555555;40.77778;-12.222222;143.88889;0.1606036;-2.3394933;2
67.0;32.0;9;0.0;0.0;0.944444;1.0628421;1.7777786;1.3109215;126.22222;115.11111499999998;142.22223;121.33333600000002;-33.333332;48.0;-14.666667000000002;142.22223;0.19062504;-2.333746;2
117.0;181.0;9;0.11111111;0.0;1.8333334;1.2427571000000002;3.0000007;2.054805;46.88889;43.0;56.88889;40.77778;-11.666667;30.0;-18.333334;56.88889;0.28328654;-1.9490879;6
250.0;176.0;9;0.0;0.11111111;1.611112;1.0628399;3.4444440000000003;1.6953092;53.66666800000001;47.11111;67.66667;46.22222;-19.666666;42.0;-22.333334;67.66667;0.3181372;-2.0522583;6
174.0;152.0;9;0.0;0.0;0.0;0.0;0.0;0.0;0.0;0.0;0.0;0.0;0.0;0.0;0.0;0.0;0.0;0.0;5
241.0;135.0;9;0.0;0.0;0.22222225;0.029629627;0.16666667;0.07777778;0.14814815;0.0;0.44444445;0.0;-0.44444445;0.8888889000000001;-0.44444445;0.44444445;0.33333334;-2.0943952;5
37.0;126.0;9;0.0;0.0;0.38888898;0.06296298;0.4444445;0.25185186;5.7777777000000015;7.4444447;6.7777777000000015;3.1111112000000003;5.0;3.0;-8.0;7.4444447;0.5813491999999999;-0.89580745;1
236.0;102.0;9;0.0;0.0;1.0555559;0.06296285;1.7777792;1.2296280000000002;51.703705;46.22222;64.333336;44.555557;-16.444445;37.88889;-21.444445;64.333336;0.30700684;-2.0098543;4
70.0;98.0;9;0.11111111;0.0;1.2222221000000002;1.7185185;1.7777777;1.3185183;4.6666665;1.2222222;9.222222;3.5555556000000004;-10.333333;13.666667000000002;-3.3333333;9.222222;0.89084005;-2.3954217;3
236.0;77.0;9;0.0;0.0;22.166666;15.472914;7.722223;8.373016;32.77778;30.222221;37.666668;30.444445;-7.666666499999999;14.666667000000002;-7.0;37.666668;0.22524333;-2.1233602000000005;4
173.0;93.0;9;0.0;0.0;0.0;0.0;0.0;0.0;0.0;0.0;0.0;0.0;0.0;0.0;0.0;0.0;0.0;0.0;5
191.0;180.0;9;0.11111111;0.0;3.555556;1.186343;2.222222;1.1088873;60.074074;53.22221999999999;75.44444;51.555557;-20.555555;46.11111;-25.555555;75.44444;0.31801003;-2.0221484;6
39.0;111.0;9;0.0;0.0;0.72222227;0.37407416;0.8888889000000001;0.4296295;6.0370370000000015;7.0;7.666666499999999;3.4444444;2.8888888;4.888889;-7.7777777000000015;7.888889;0.56291884;-1.1757725;1
151.0;101.0;9;0.0;0.0;9.611111;6.5367904;0.5;0.34960347;31.185184000000003;27.222221;39.444443;26.888890000000004;-11.888889;24.777779;-12.888889;39.444443;0.32728764;-2.05839;4
149.0;185.0;9;0.0;0.0;1.5555553;1.0680546;3.0555553;1.9254627;49.333332;45.333332;59.55555699999999;43.11111;-12.0;30.666666;-18.666666;59.55555699999999;0.2758892;-1.9527698;6
69.0;139.0;9;0.0;0.0;2.8333328;1.7732588;2.1111112000000003;1.6688870999999998;18.074074;16.0;22.555555;15.666667000000002;-6.2222222999999985;13.444445000000002;-7.2222222999999985;23.88889;0.38661182;-1.7028333999999998;3
158.0;76.0;9;0.0;0.0;0.833333;0.65828085;3.277778;3.065339;34.851852;31.888890000000004;42.0;30.666666;-8.888889;21.444445;-12.555555;42.0;0.2703099;-1.9814991;4
47.0;89.0;9;0.0;0.0;0.55555564;0.17213255;3.611111;3.83792;14.222222;10.222222;22.11111;10.333334;-12.0;23.666666;-11.666667;22.11111;0.5488248;-2.1073112000000003;5
160.0;187.0;9;0.11111111;0.0;2.6111119;1.9369694;5.1111107;3.5381508000000004;49.48148;44.666668;60.88889;42.88889;-14.444445000000002;34.22222;-19.777779;60.88889;0.2973408;-1.9906267;6
160.0;210.0;9;0.0;0.0;1.611111;1.129629;1.222222;1.0074075;17.481482;13.777778;16.0;22.666666;-11.111111;-4.4444447;15.555554999999998;22.666666;0.40393806;2.3864515;7
254.0;159.0;9;0.0;0.0;3.5555553;7.540739999999999;14.833332999999998;152.7;36.62963;31.333334000000004;46.22222;32.333336;-15.888889;28.777779;-12.888889;46.22222;0.29484537;-2.316872;6
66.0;101.0;9;0.11111111;0.0;0.7222225999999999;0.32962933;2.2222223;0.6518524;19.037037;19.666668;23.555555;13.888889;1.8888888;13.555554999999998;-15.444445000000002;23.555555;0.41026655;-1.4575915000000002;1
217.0;73.0;9;0.0;0.0;0.88888884;0.78518516;1.7222223;0.86296207;4.851852;1.7777778000000002;9.666667;3.1111112000000003;-9.222222;14.444445000000002;-5.2222222999999985;9.666667;0.82250714;-2.268176;3
230.0;98.0;9;0.0;0.0;0.38888884;0.15185185;0.38888887;0.06296294;1.4074074;0.0;4.111111;0.11111111;-4.2222222999999985;8.111111;-3.8888888;4.111111;1.0;-2.1137195;3
68.0;157.0;9;0.0;0.0;5.8333325;14.344446;1.388889;1.6629623;21.444445;16.88889;30.0;17.444445;-13.666667000000002;25.666666;-12.0;30.0;0.43888178;-2.1343;4
32.0;45.0;9;0.0;0.0;2.2777777;3.1740727000000004;3.2777777;1.44074;21.925926;20.555555;28.777779;16.444445;-4.111111;20.555555;-16.444445;28.777779;0.42816728;-1.7353698;1
55.0;145.0;9;0.0;0.0;5.0555553;2.9770727000000003;1.0;0.4216377000000001;26.777779;24.222221;33.333336;22.777779;-7.666666499999999;19.666666;-12.0;33.333336;0.31533822;-1.934686;4
9.0;236.0;9;0.0;0.0;1.8333335;3.455556;3.0555553;5.5296316;11.074074;9.444445;9.444445;14.333332999999998;-4.888889;-4.888889;9.777778;14.333332999999998;0.37655354;2.0832295;7
95.0;97.0;9;0.0;0.0;0.611111;0.534027;0.7777774000000001;0.45541978;19.592592;15.333332999999998;27.777779;15.666667000000002;-12.777778;24.555555;-11.777778;27.777779;0.4474942;-2.121346;5
239.0;160.0;9;0.0;0.0;1.8333334;0.9222209;5.944443;4.5962973;45.148148;37.88889;58.33333199999999;39.22222;-21.777779;39.555557;-17.777779000000006;58.33333199999999;0.35212588;-2.1629994;6
63.0;201.0;9;0.0;0.0;1.4444445;0.9185186;0.94444424;0.5518518;7.7777777000000015;6.2222222999999985;5.5555553;11.555555;-4.6666665;-6.666666499999999;11.333333;11.555555;0.54320127;1.9829868;7
108.0;128.0;9;0.0;0.0;7.0555553;4.3686585;1.666666;1.0540923999999998;53.25926;46.333332;67.111115;46.333332;-20.777779;41.555557;-20.777779;67.111115;0.31292745;-2.0919266;4
159.0;210.0;9;0.0;0.0;1.4999999;1.3666656;1.5555555;2.1629632;12.962963;9.444445;12.0;17.444445;-10.555555;-2.8888888;13.444445000000002;17.444445;0.4604365;2.4287496;7
68.0;172.0;9;0.0;0.0;1.0555553;1.0628396;2.3333337000000003;1.6996721999999995;30.11111;24.555555;30.11111;35.666668;-16.666666;0.0;16.666666;35.666668;0.31229463;2.6178014;7
166.0;36.0;9;0.0;0.0;0.0;0.0;0.0;0.0;0.0;0.0;0.0;0.0;0.0;0.0;0.0;0.0;0.0;0.0;5
23.0;113.0;9;0.0;0.0;0.611111;0.28518534;0.6666666;0.48888886;1.4074074;0.11111111;3.4444444;0.6666667;-3.8888888;6.111111;-2.2222223;3.4444444;0.9814815;-2.2375617;3
239.0;110.0;9;0.0;0.0;0.277778;0.06296304;0.22222233;0.029629655;9.444445;6.111111;15.888889;6.3333335;-10.0;19.333334;-9.333333;15.888889;0.6206427;-2.1202655;5
163.0;68.0;9;0.0;0.0;1.833334;2.21111;1.5555559;0.96296287;56.77778000000001;52.0;68.22222;50.11111;-14.333332999999998;34.333332;-20.0;68.22222;0.26505277;-1.9843078;4
140.0;125.0;9;0.0;0.0;0.66666657;0.22222227;2.6666667;3.7777781;3.925926;1.5555556;7.7777777000000015;2.4444444;-7.111111;11.555555;-4.4444447;7.7777777000000015;0.85319865;-2.2342408;3
166.0;66.0;9;0.0;0.0;0.7777767;0.6554609;5.2777767;4.959466;41.62963;40.555557;46.333332;38.0;-3.2222223;14.111111;-10.888889;46.333332;0.17887476;-1.7485459;4
209.0;11.0;9;0.0;0.0;0.8333333;0.25555903;2.1666667;3.8555522;141.55556;135.11111;150.11111;139.44444;-19.333334;25.666666;-6.3333335;150.11111;0.09983583;-2.4015868;2
13.0;15.0;9;0.11111111;0.0;1.2222227;0.8861076999999999;1.2222227;1.0256;68.96296;59.33333199999999;86.888885;60.66666800000001;-28.888890000000004;53.77778000000001;-24.88889;86.888885;0.31690490000000004;-2.145323;4
97.0;86.0;9;0.11111111;0.0;1.5000003999999998;0.8333331;3.555556;2.1629639;23.814816;23.333334;30.222221;17.88889;-1.4444444;19.222221;-17.777779000000006;30.222221;0.40554056;-1.6085903999999998;1
34.0;115.0;9;0.0;0.0;0.5;0.3888888;0.7777779;0.60740745;6.296296;7.333333500000001;7.888889;3.6666667;3.1111112000000003;4.7777777000000015;-7.888889;8.0;0.5418871;-1.175454;1
202.0;193.0;9;0.0;0.0;1.111112;0.7503075;3.3888881;2.489236;41.703705;37.88889;50.666668;36.555557;-11.444445;26.888890000000004;-15.444445000000002;50.666668;0.27838665;-1.9929975;6
183.0;105.0;9;0.0;0.0;2.1111095;1.1407399;0.77777606;0.65185165;65.55556;60.0;78.77778;57.88889;-16.666666;39.666668;-23.0;78.77778;0.26498562;-1.9894751;4
203.0;133.0;9;0.0;0.0;0.11111111;0.029629635;0.11111111;0.029629635;0.5925925999999999;0.0;1.7777778000000002;0.0;-1.7777778000000002;3.5555556000000004;-1.7777778000000002;1.7777778000000002;1.0;-2.0943952;5
37.0;120.0;9;0.0;0.0;0.83333325;0.34444440000000004;1.0555556;0.46296284;1.925926;0.22222222;4.4444447;1.1111112;-5.111111;7.5555553;-2.4444444;4.4444447;0.962963;-2.298085;3
128.0;15.0;9;0.0;0.0;0.7777799;0.27216768;0.555556;0.6206318000000001;129.25926;118.33333600000002;144.0;125.44444;-32.77778;44.22222;-11.444445;144.0;0.17818023;-2.3824396;2
97.0;176.0;9;0.0;0.0;0.77777797;0.6554612;2.3888893;1.3066785;22.185184;19.0;19.777779;27.777779;-9.555555;-7.2222222999999985;16.777779000000002;27.777779;0.31604066;2.1798449;7
112.0;38.0;9;0.0;0.0;11.055554;11.074329;1.111112;1.0680542;64.62963;58.22221999999999;78.44444;57.22221999999999;-19.222221;41.444443;-22.222221;78.44444;0.27165923;-2.0388238000000003;4
169.0;102.0;9;0.0;0.0;1.0;0.35555485;0.8888893;0.2962955;58.22221999999999;53.44444300000001;69.66667;51.555557;-14.333332999999998;34.333332;-20.0;69.66667;0.25975996;-1.9855843;4
137.0;92.0;9;0.0;0.0;7.3888893;7.379901400000001;0.7777779;0.34426498;9.962963;7.111111;15.555554999999998;7.2222222999999985;-8.555555;16.777779000000002;-8.222222;15.555554999999998;0.6084366;-2.0967047;5
233.0;154.0;9;0.0;0.0;3.7222223;11.618519;0.66666603;0.577778;33.0;25.11111;46.555557;27.333334000000004;-23.666666;40.666668;-17.0;46.555557;0.45878506;-2.2026498;4
207.0;217.0;9;0.0;0.0;0.77777785;0.47407398;2.0555556;0.9074081;6.296296;5.0;4.2222222999999985;9.666667;-3.8888888;-6.2222222999999985;10.111111;9.666667;0.58261186;1.9761382;7
42.0;63.0;9;0.11111111;0.0;1.5000003999999998;1.0999995;1.9444441000000003;2.462962;22.37037;20.333334;29.666666;17.11111;-6.111111;21.88889;-15.777778;29.666666;0.42265132;-1.8138857;1
18.0;66.0;9;0.0;0.0;8.666665;9.089677;10.944443;5.289054;39.88889;32.333336;49.555557;37.77778;-22.666666;29.0;-6.3333335;49.555557;0.3501687;-2.43063;3
231.0;198.0;9;0.11111111;0.0;0.9999997;0.13333334;1.111111;1.2296298;15.814815;12.444445;14.222222;20.777779;-10.111111;-4.7777777000000015;14.888889;20.777779;0.40090325;2.3248901;7
23.0;85.0;9;0.0;0.0;1.4444445;1.0518525;1.777778;0.96296287;17.962963000000006;18.88889;21.88889;13.111111;2.7777777;11.777778;-14.555554999999998;21.88889;0.39975148;-1.386867;1
154.0;128.0;9;0.0;0.0;0.5;0.30000007;0.33333325;0.044444434000000005;5.9629629999999985;7.333333500000001;7.2222222999999985;3.3333333;4.111111;3.7777777;-7.888889;7.666666499999999;0.56371254;-1.0050536;1
173.0;190.0;9;0.11111111;0.0;2.3333328;2.5647182;1.5555559;1.2049291000000002;50.444443;44.88889;62.33333199999999;44.11111;-16.666666;35.666668;-19.0;62.33333199999999;0.29212540000000004;-2.048697;6
234.0;58.0;9;0.0;0.0;1.1666678999999998;0.3888878;1.0000013;0.5333344;93.14815;77.333336;118.77778;83.333336;-47.444443;76.888885;-29.444445;118.77778;0.34886265;-2.2463162;2
39.0;124.0;9;0.0;0.11111111;5.3333335;4.774935;6.5000005;4.544838;7.5925927;4.111111;12.888889;5.7777777000000015;-10.444445;15.888889;-5.4444447;12.888889;0.7721515999999999;-2.2657473;3
112.0;114.0;9;0.0;0.0;0.7222224;0.06296291;0.6666668;0.0444444;5.259258999999999;6.5555553;6.111111;3.1111112000000003;3.8888888;2.5555556;-6.4444447;6.666666499999999;0.5343915;-0.9106101;1
124.0;162.0;9;0.11111111;0.0;1.3888888;1.1296295;2.0;0.8888891;10.037037;8.0;14.555554999999998;7.5555553;-6.111111;13.555554999999998;-7.4444447;14.555554999999998;0.4799313;-2.0293121;4
215.0;84.0;9;0.0;0.0;0.33333334;0.29814252;0.3888893;0.3277306;17.11111;13.0;24.777779;13.555554999999998;-12.333333;23.0;-10.666667;24.777779;0.475;-2.1438966;5
242.0;148.0;9;0.0;0.0;0.0;0.0;0.0;0.0;0.0;0.0;0.0;0.0;0.0;0.0;0.0;0.0;0.0;0.0;5
33.0;149.0;9;0.0;0.0;0.5555555999999999;0.25185165;0.72222227;0.15185171;5.4444447;4.111111;8.666667;3.5555556000000004;-4.0;9.666667;-5.6666665;8.666667;0.5783389;-1.9857028;1
190.0;96.0;9;0.0;0.0;0.3888893;0.1962966;0.9444453000000002;0.41851908;90.81481;76.0;115.66666399999998;80.77778;-44.444443;74.55556;-30.11111;115.66666399999998;0.34293815;-2.2199793;2
83.0;81.0;9;0.0;0.0;0.44444337;0.34426504;0.7222214;0.38968188;59.44444300000001;51.88889;74.44444;52.0;-22.666666;45.0;-22.333334;74.44444;0.30741948;-2.0988503;4
127.0;121.0;9;0.0;0.0;1.6666664;0.8000008000000001;2.0000002;2.4444427;23.11111;21.666666;30.11111;17.555555;-4.3333335;21.0;-16.666666;30.11111;0.4155243;-1.7407364;1
224.0;190.0;9;0.0;0.0;2.8888886;2.1361103;3.0000007;1.8499246;47.48148;42.444443;58.66666800000001;41.333336;-15.111111;33.555557;-18.444445;58.66666800000001;0.29562140000000003;-2.025942;6
104.0;134.0;9;0.0;0.0;0.5;0.18257418;0.8333333;0.27888662;1.7777778000000002;0.11111111;3.8888888;1.3333334;-5.0;6.3333335;-1.3333334;3.8888888;0.9777778;-2.4225056;3
41.0;139.0;9;0.0;0.0;0.055555563;0.018518524;0.11111113;0.029629637;1.2962962;0.0;3.8888888;0.0;-3.8888888;7.7777777000000015;-3.8888888;3.8888888;1.0;-2.0943952;5
79.0;48.0;9;0.0;0.0;1.0555534;0.9962996;0.99999875;0.35555598;107.88888500000002;94.77778;129.11111;99.77778;-39.333332;63.66666800000001;-24.333334;129.11111;0.26589924;-2.2470357000000005;2
229.0;124.0;9;0.0;0.0;0.8888889999999999;0.074073985;0.8888889000000001;0.3407407;5.888889;7.111111;7.111111;3.4444444;3.6666667;3.6666667;-7.333333500000001;7.5555553;0.5458554;-1.0376626;1
205.0;106.0;9;0.0;0.0;0.7777776999999999;0.4554203;0.3888893;0.1360822;17.481482;14.111111;24.0;14.333332999999998;-10.111111;19.555555;-9.444445;24.0;0.41640097;-2.1176713;5
123.0;183.0;9;0.0;0.0;1.111111;0.6518524;6.333334;36.933327;32.25926;29.444445;39.11111;28.222221;-8.444445;20.555555;-12.111111;39.11111;0.2664361;-1.970772;6
193.0;142.0;9;0.11111111;0.0;0.38888887;0.06296293;1.7222223;0.15185216;4.814815;6.7777777000000015;5.2222222999999985;2.4444444;5.888889;1.2222222;-7.111111;6.7777777000000015;0.6461640000000001;-0.6751229999999999;1
186.0;89.0;9;0.0;0.0;0.61111134;0.19629638;1.0555557;0.28518525;22.666666;16.444445;33.555557;18.0;-18.666666;32.666668;-14.0;33.555557;0.5094622;-2.188149;5
67.0;194.0;9;0.0;0.0;3.7222207;1.4969093999999998;6.4444447;3.9646575;58.814816;51.77778;72.55556;52.11111;-21.11111;41.22222;-20.11111;72.55556;0.28679082;-2.112941;6
86.0;179.0;9;0.0;0.0;2.0;1.2823589;3.555556;3.0743864;50.555557;45.77778;62.11111;43.77778;-14.333332999999998;34.666668;-20.333334;62.11111;0.29654688;-1.9786568;6
58.0;124.0;9;0.11111111;0.0;1.111111;1.140741;0.5555555999999999;0.47407404;1.1481482;0.11111111;2.7777777;0.5555555999999999;-3.1111112000000003;4.888889;-1.7777778000000002;2.7777777;0.984127;-2.1812904;3
4.0;210.0;9;0.0;0.0;4.7222233000000005;4.018937;5.722222;2.184966;49.74074;44.22222;62.22221999999999;42.77778;-16.555555;37.444443;-20.88889;62.22221999999999;0.3142778;-2.0144343;6
95.0;100.0;9;0.11111111;0.0;0.7222223000000001;0.1074075;1.2222217;1.140741;21.074074;21.666666;26.0;15.555554999999998;1.7777778000000002;14.777778;-16.555555;26.0;0.4010419;-1.4770186;1
239.0;143.0;9;0.0;0.0;0.33333328;0.04444445;0.6666667;0.1333334;4.5185184000000005;6.111111;5.4444447;2.0;4.7777777000000015;2.7777777;-7.5555553;6.111111;0.67407405;-0.8782905000000001;1
58.0;140.0;9;0.0;0.0;0.055555556;0.01851852;0.22222225;0.029629627;0.25925925;0.0;0.7777778000000001;0.0;-0.7777778000000001;1.5555556;-0.7777778000000001;0.7777778000000001;0.7777778000000001;-2.0943952;5
34.0;116.0;9;0.0;0.0;5.777778;4.4053830000000005;0.49999872;0.27888796;61.0;52.44444300000001;76.44444;54.11111;-25.666666;46.333332;-20.666666;76.44444;0.31323463;-2.1617932;4
79.0;95.0;9;0.0;0.0;1.6666666;3.7333338;2.4999993;7.1888869999999985;21.11111;21.11111;26.222221;16.0;0.0;15.333332999999998;-15.333332999999998;26.222221;0.38836312;-1.555549;1
228.0;182.0;9;0.11111111;0.0;0.88888854;0.68853056;0.7777775;0.6554615;16.777779000000002;14.555554999999998;12.777778;23.0;-6.666666499999999;-12.0;18.666666;23.0;0.44435817;1.9164191;7
220.0;61.0;9;0.0;0.0;0.27777776;0.13608277;0.5555555999999999;0.27216548;6.888889;4.5555553;12.0;4.111111;-7.0;15.333332999999998;-8.333333;12.0;0.65589225;-2.039459;5
18.0;145.0;9;0.0;0.0;0.38888896;0.018518496;0.6111111;0.3740741;3.925926;5.5555553;4.0;2.2222223;4.888889;0.22222222;-5.111111;5.5555553;0.6005291;-0.57094;1
100.0;194.0;9;0.0;0.0;1.722222;2.5941534;3.2222233;1.5006163;61.55555699999999;54.77778000000001;76.22222;53.66666800000001;-20.333334;44.0;-23.666666;76.22222;0.29590768;-2.0427177;6
108.0;75.0;9;0.11111111;0.0;0.6666667;0.47140282;11.111111;10.014803;116.703705;105.88888500000002;133.0;111.22222;-32.444443;48.88889;-16.444445;133.0;0.20298976;-2.2954879;2
60.0;126.0;9;0.0;0.0;0.8333333;0.61111134;0.55555564;0.16296288;20.11111;16.444445;27.333334000000004;16.555555;-11.0;21.666666;-10.666667;27.333334000000004;0.40593585;-2.1041024;4
8.0;226.0;9;0.0;0.0;2.8888886;1.9851301;1.111111;0.4554203;18.0;14.0;15.777778;24.222221;-12.0;-6.666666499999999;18.666666;24.222221;0.424404;2.2730305;7
88.0;115.0;9;0.0;0.0;1.666667;1.8222212;4.166667;4.2111125;22.037037;21.333334;28.0;16.777779000000002;-2.1111112000000003;17.88889;-15.777778;28.0;0.3973624;-1.6195486;1
174.0;50.0;9;0.0;0.0;1.0000013;0.7601153;0.9444453000000002;0.9525792;107.44444;94.666664;125.77778;101.888885;-38.333332;55.0;-16.666666;125.77778;0.2473368;-2.3372955;2
66.0;41.0;9;0.0;0.0;0.61111194;0.32773077;0.38889185;0.32773316;109.703705;95.111115;128.88889;105.11111499999998;-43.77778;57.55555699999999;-13.777778;128.88889;0.26204562;-2.404745;2
140.0;73.0;9;0.0;0.0;1.7222214;0.8277598;0.7777774000000001;1.0036957;46.296295;45.666668;51.11111;42.11111;-1.8888888;14.444445000000002;-12.555555;51.11111;0.1761556;-1.6815889;4
60.0;132.0;9;0.0;0.0;0.11111113;0.029629637;0.22222222;0.029629637;0.37037036;0.0;1.1111112;0.0;-1.1111112;2.2222223;-1.1111112;1.1111112;0.8888889000000001;-2.0943952;3
237.0;191.0;9;0.0;0.0;1.0;0.31111106;1.5;1.0111109;7.333333500000001;5.3333335;5.4444447;11.222222;-6.0;-5.6666665;11.666667;11.222222;0.5358196999999999;2.1224225;7
247.0;197.0;9;0.0;0.0;0.33333316;0.044444434000000005;0.611111;0.06296301;6.0;4.111111;4.0;9.888889;-5.6666665;-6.0;11.666667;9.888889;0.61705947;2.0749567;7
175.0;212.0;9;0.11111111;0.0;1.0000001;0.666667;1.8333334;1.345775;12.296296;10.0;9.0;17.88889;-6.888889;-9.888889;16.777779000000002;17.88889;0.4987573;1.9744948;7
208.0;65.0;9;0.0;0.0;1.3888874;1.2367799;26.444445;25.537477;56.70370500000001;52.66666800000001;64.44444;53.0;-12.111111;23.222221;-11.111111;64.44444;0.19713038;-1.9708116;4
103.0;64.0;9;0.0;0.0;0.6666667;0.6992054;1.3333308;0.91893595;108.77778;96.333336;126.22222;103.77778;-37.333332;52.333332;-15.0;126.22222;0.2367968;-2.3554425;2
91.0;64.0;9;0.0;0.0;0.94444466;0.71232474;1.0555559;1.0201671;62.0;53.66666800000001;78.111115;54.22221999999999;-25.0;48.333332;-23.333334;78.111115;0.31425992;-2.1180868;4
250.0;160.0;9;0.0;0.0;2.1111114;1.1851863;1.5555553;2.740741;42.814816;36.444443;55.33333199999999;36.666668;-19.11111;37.555557;-18.444445;55.33333199999999;0.34714225;-2.1023183;6
75.0;98.0;9;0.0;0.0;3.9444444;45.84074;4.6666665;39.288876;5.5185184000000005;2.3333335;10.444445;3.7777777;-9.555555;14.777778;-5.2222222999999985;10.444445;0.8721458000000001;-2.2729733;3
206.0;64.0;9;0.0;0.0;0.055555504000000006;0.13608263;0.27777776;0.13608277;5.703704;3.6666667;10.333334;3.1111112000000003;-6.111111;13.888889;-7.7777777000000015;10.333334;0.6979798;-2.015428;5
151.0;57.0;9;0.0;0.0;1.0555559;0.7740706;1.6111094;0.41851655;100.44444;86.22222;122.22222;92.888885;-42.666668;65.333336;-22.666666;122.22222;0.29451475;-2.2881315;2
147.0;87.0;9;0.0;0.0;6.833333500000001;6.6189947;1.5555567;1.6953089;43.333332;37.88889;54.88889;37.22222;-16.333334;34.666668;-18.333334;54.88889;0.319706;-2.0503880000000003;4
147.0;111.0;9;0.0;0.0;0.38888893;0.15185179999999998;0.4444445;0.118518546;5.6666665;7.0;7.0;3.0;4.0;4.0;-8.0;7.333333500000001;0.59126985;-1.0414338;1
42.0;59.0;9;0.0;0.0;1.833333;3.5000002;2.0555553;0.86296284;21.814816;20.777779;28.777779;15.888889;-3.1111112000000003;20.88889;-17.777779000000006;28.777779;0.44514215;-1.680812;1
136.0;45.0;9;0.0;0.0;1.222222;1.5444059;2.0555553;1.5263131;53.074074;48.11111;63.77778000000001;47.333332;-14.888889;32.11111;-17.222220999999998;63.77778000000001;0.25936732;-2.0459049;4
163.0;180.0;9;0.0;0.0;1.777778;1.1851858;9.166667;63.944435;30.37037;27.444445;36.333336;27.333334000000004;-8.777778;17.88889;-9.111111;36.333336;0.23849043;-2.2170947;6
108.0;130.0;9;0.0;0.0;0.94444466;0.59629655;1.0000001;0.66666657;6.6296296;8.444445;7.2222222999999985;4.2222222999999985;5.4444447;1.7777778000000002;-7.2222222999999985;8.444445;0.5010140999999999;-0.76407653;1
31.0;96.0;9;0.0;0.0;2.3333333;3.6;2.7777777;6.162962;3.7777777;1.0;8.0;2.3333335;-8.333333;12.666667;-4.3333335;8.0;0.90923554;-2.268209;3
26.0;67.0;9;0.11111111;0.0;1.0;0.8888903;2.4444447;3.1851847;20.0;19.555555;25.88889;14.555554999999998;-1.3333334;17.666666;-16.333334;25.88889;0.4369392;-1.6232022;1
112.0;77.0;9;0.0;0.0;0.94444656;0.57413495;1.1666654;0.80966693;107.62963;93.888885;125.22222;103.77778;-41.22222;52.77778000000001;-11.555555;125.22222;0.2501428;-2.4246798;2
121.0;82.0;9;0.0;0.0;0.555556;0.34426636;0.6111107;0.44305366;106.51852;92.888885;125.88888500000002;100.77778;-40.88889;58.11111;-17.222220999999998;125.88888500000002;0.2620926;-2.3448717999999995;2
112.0;197.0;9;0.0;0.0;4.2222233000000005;2.9938211;4.9444447;3.1227946;50.333332;44.666668;62.22221999999999;44.11111;-17.0;35.666668;-18.666666;62.22221999999999;0.29632849;-2.0712209;6
20.0;122.0;9;0.0;0.0;1.5555546999999998;1.1863433;1.7777773;1.4857366;60.74074;51.555557;78.22222;52.44444300000001;-27.555555;52.44444300000001;-24.88889;78.22222;0.34236288;-2.1284232000000003;4
148.0;116.0;9;0.0;0.0;0.4999999;0.4777777;1.1666669;0.6111109;6.111111;7.111111;7.666666499999999;3.5555556000000004;3.0;4.6666665;-7.666666499999999;7.7777777000000015;0.54473305;-1.1632453;1
210.0;114.0;9;0.0;0.0;1.2777778;1.3074073;0.61111087;0.06296301;16.185184;11.444445;25.0;12.111111;-14.222222;26.444445;-12.222222;25.0;0.5462071999999999;-2.1416595000000003;5
122.0;123.0;9;0.0;0.0;0.6111111;0.374074;0.49999997;0.21111104;1.1851851999999998;0.0;3.3333333;0.22222222;-3.5555556000000004;6.4444447;-2.8888888;3.3333333;1.0;-2.142674;3
250.0;37.0;9;0.0;0.0;0.6111107;0.24073862;1.0555534;0.95185125;95.92593;80.111115;121.11111499999998;86.55556;-47.444443;75.55556;-28.11111;121.11111499999998;0.33848670000000003;-2.258443;2
53.0;134.0;9;0.0;0.0;2.1666667;0.3;0.27777767;0.018518496;6.962963;4.666667;11.222222;5.0;-6.888889;12.777778;-5.888889;11.222222;0.5872341;-2.1384587;5
201.0;92.0;9;0.0;0.0;0.8333345999999999;0.2111112;0.7777799;0.2962967;90.333336;74.888885;115.44444;80.66667;-46.333332;75.333336;-29.0;115.44444;0.35122013;-2.2428021;2
189.0;187.0;9;0.0;0.0;1.2222227;1.0036974;3.0555553;2.3890193;48.51852;44.11111;59.88889;41.555557;-13.222222;34.11111;-20.88889;59.88889;0.30575457;-1.9474715;6
29.0;52.0;9;0.0;0.0;0.3888893;0.01851813;1.3333334;0.17777863;125.77778;115.55556;140.22223;121.55556;-30.666666;43.333332;-12.666667;140.22223;0.17584935;-2.3484936000000003;2
58.0;109.0;9;0.0;0.0;0.8888889000000001;0.25185165;2.8333333;1.677777;4.296296;1.4444444;8.444445;3.0;-8.555555;12.444445;-3.8888888;8.444445;0.8644824000000001;-2.2837873;3
162.0;159.0;9;0.0;0.0;2.1666667;0.9603238000000002;2.2222223;1.4555128000000002;26.11111;25.222221;29.555555;23.555555;-2.6666667;10.333333;-7.666666499999999;29.555555;0.20284556;-1.8025542;4
98.0;119.0;9;0.22222222;0.0;1.4444447;0.51851857;2.5555556;5.585183;21.592592;21.333334;27.333334000000004;16.11111;-0.7777778000000001;17.222220999999998;-16.444445;27.333334000000004;0.40821064;-1.5789601;1
199.0;120.0;9;0.0;0.0;5.777777;4.9516163;0.944444;0.4430521;51.074074;48.22222;59.22221999999999;45.77778;-8.555555;24.444445;-15.888889;59.22221999999999;0.2246171;-1.8964247;4
226.0;110.0;9;0.0;0.0;0.33333334;0.08888887;0.49999997;0.2111111;1.6666666;0.11111111;4.4444447;0.44444445;-4.6666665;8.333333;-3.6666667;4.4444447;0.9777778;-2.1559837;3
56.0;107.0;9;0.0;0.11111111;4.555556;13.407407999999998;6.7777786;23.185177;7.962963;4.5555553;13.0;6.3333335;-10.222222;15.111111;-4.888889;13.0;0.7305921999999999;-2.2917624;3
168.0;187.0;9;0.0;0.0;3.5;2.1679482000000005;2.8333333;1.602082;58.0;52.55555699999999;71.44444;50.0;-16.333334;40.333332;-24.0;71.44444;0.29964966;-1.9666711;6
123.0;152.0;9;0.0;0.0;0.0;0.0;0.0;0.0;0.0;0.0;0.0;0.0;0.0;0.0;0.0;0.0;0.0;0.0;5
63.0;203.0;9;0.0;0.0;4.277778;3.7913144;3.4444447;4.0368657;58.48148000000001;52.44444300000001;71.66667;51.333332;-18.11111;39.555557;-21.444445;71.66667;0.28710723;-2.0346415;6
27.0;62.0;9;0.0;0.0;1.111112;0.5629644;1.6666692;1.3333358999999998;125.33333600000002;115.77778;139.44444;120.77778;-28.666666;42.333332;-13.666667000000002;139.44444;0.16963542;-2.3142316000000003;2
105.0;189.0;9;0.0;0.0;2.0555553;1.5116827;4.4444447;3.4555367999999995;61.40740600000001;55.0;75.44444;53.77778000000001;-19.222221;42.11111;-22.88889;75.44444;0.28551513;-2.0358937;6
145.0;152.0;9;0.0;0.0;0.72222203;1.1434193;2.7777774;1.1088861;25.037037;19.666668;25.777779;29.666666;-16.11111;2.2222223;13.888889;29.666666;0.337989;2.7311342;7
92.0;70.0;9;0.11111111;0.0;1.1111107;1.3608265;0.7777767;0.65546083;61.11111;53.44444300000001;77.0;52.88889;-23.0;47.666668;-24.666666;77.0;0.31436473;-2.070832;4
123.0;104.0;9;0.0;0.0;2.2777777;2.107407;4.0;2.0000021;21.925926;20.555555;28.666666;16.555555;-4.111111;20.222221;-16.11111;28.666666;0.4213954000000001;-1.7287898000000002;1
188.0;35.0;9;0.0;0.0;1.2222227;1.0518501;1.1111132;0.56296283;124.55556;114.44444;140.11111;119.11111499999998;-30.333334000000004;46.666668;-16.333334;140.11111;0.183109;-2.2829227000000003;2
142.0;111.0;9;0.0;0.0;1.1111113;0.45541987;0.55555534;0.34426492;28.74074;24.555555;35.88889;25.777779;-12.555555;21.444445;-8.888889;35.88889;0.31548372;-2.2026672;5
146.0;97.0;9;0.0;0.0;10.111111;4.597905;0.6111107;0.5741326999999999;47.962963;46.0;54.33333199999999;43.555557;-5.888889;19.11111;-13.222222;54.33333199999999;0.19711515;-1.8407352;4
131.0;125.0;9;0.0;0.0;0.6111111;0.3740741;0.49999997;0.30000004;1.3703704;0.0;3.8888888;0.22222222;-4.111111;7.5555553;-3.4444444;3.8888888;1.0;-2.1303394;3
124.0;113.0;9;0.0;0.0;0.38888887;0.38968176;0.2777778;0.32773070000000004;0.962963;0.0;2.7777777;0.11111111;-2.8888888;5.4444447;-2.5555556;2.7777777;1.0;-2.123254;3
142.0;182.0;9;0.11111111;0.0;1.1111113;0.8344437;2.7777774;2.051197;43.62963;40.333336;52.88889;37.666668;-9.888889;27.777779;-17.88889;52.88889;0.28686288;-1.9049777;6
98.0;104.0;9;0.0;0.0;2.2222223;3.629630600000001;1.4999999;1.3222223999999998;18.703703;19.222221;23.222221;13.666667000000002;1.5555556;13.555554999999998;-15.111111;23.222221;0.4100093;-1.4466414;1
131.0;86.0;9;0.0;0.0;1.3888893;1.2185188999999998;1.6666673;2.5777786;24.296297;23.555555;31.333334000000004;18.0;-2.2222223;21.11111;-18.88889;31.333334000000004;0.42459705;-1.6508442;1
142.0;99.0;9;0.0;0.0;0.77777797;0.45542175;1.722222;1.3402593;51.88889;51.88889;56.0;47.77778;0.0;12.333333;-12.333333;56.0;0.14661072;-1.5674635;4
22.0;200.0;9;0.0;0.0;2.8888874;2.4098568;4.8333325;2.622552;54.70370500000001;47.88889;69.0;47.22222;-20.444445;42.88889;-22.444445;69.0;0.31736220000000004;-2.0656626;6
225.0;181.0;9;0.0;0.0;1.1666666;0.86281204;1.8333327;1.3291601999999998;55.33333199999999;49.0;68.77778;48.22222;-19.0;40.333332;-21.333334;68.77778;0.30000642;-2.0531886000000004;6
201.0;125.0;9;0.0;0.0;1.0;0.44444403;9.944444;103.751854;42.814816;39.11111;51.77778;37.555557;-11.111111;26.888890000000004;-15.777778;51.77778;0.27063802;-1.9730246;4
196.0;182.0;9;0.0;0.0;1.1666664;0.43333244;0.6111107;0.37407404;19.88889;16.88889;18.11111;24.666666;-9.0;-5.3333335;14.333332999999998;24.666666;0.31489658;2.2716928;7
195.0;119.0;9;0.0;0.11111111;3.611111;1.4050171;1.2222223;0.91084015;8.62963;5.888889;13.666667000000002;6.3333335;-8.222222;15.111111;-6.888889;13.666667000000002;0.58956474;-2.1427078;5
92.0;121.0;9;0.0;0.0;1.4444445;1.8216802;2.0555556;2.0593057;14.962963;9.555555;23.444445;11.888889;-16.222220999999998;25.444445;-9.222222;23.444445;0.5964221;-2.2353554;3
26.0;93.0;9;0.0;0.0;2.4999993;0.21111093;2.1111114;9.1407385;20.37037;18.88889;26.777779;15.444445000000002;-4.4444447;19.222221;-14.777778;26.777779;0.4192332;-1.7303063000000003;1
217.0;115.0;9;0.0;0.0;1.1666666;0.34444454;0.5555555;0.38518524;1.8888888;0.22222222;4.666667;0.7777778000000001;-5.0;8.333333;-3.3333333;4.666667;0.962963;-2.2166038;3
239.0;174.0;9;0.0;0.0;2.0000007;1.4452988000000002;1.3888887;0.85418344;57.851852;50.444443;73.22222;49.88889;-22.222221;46.11111;-23.88889;73.22222;0.32026085;-2.069045;6
151.0;147.0;9;0.0;0.0;0.44444457;0.4296298;0.72222215;0.10740744;6.0370370000000015;5.6666665;9.222222;3.2222223;-1.1111112;9.555555;-8.444445;9.555555;0.6522477;-1.5083702;1
100.0;111.0;9;0.0;0.0;1.6111107;0.9074074;1.6111107;0.81851804;19.925926;19.777779;24.88889;15.111111;-0.44444445;14.888889;-14.444445000000002;24.88889;0.39170122;-1.5814401000000002;1
33.0;90.0;9;0.11111111;0.0;0.49999985;0.4082481;1.8333335;0.5477228;16.666666;11.888889;25.777779;12.333333;-14.333332999999998;27.333334000000004;-13.0;25.777779;0.53911555;-2.1259756000000003;5
183.0;91.0;9;0.0;0.0;2.666667;0.8944271999999999;0.49999985;0.54772246;14.444445000000002;11.0;21.0;11.333333;-10.333333;19.666666;-9.333333;21.0;0.47678283;-2.1284647;5
118.0;133.0;9;0.0;0.0;0.22222221;0.029629631;0.22222221;0.029629631;0.7407406999999999;0.0;2.2222223;0.0;-2.2222223;4.4444447;-2.2222223;2.2222223;1.0;-2.0943952;3
33.0;149.0;9;0.0;0.0;0.5555555999999999;0.25185165;0.72222227;0.15185171;5.4444447;4.111111;8.666667;3.5555556000000004;-4.0;9.666667;-5.6666665;8.666667;0.5783389;-1.9857028;1
102.0;73.0;9;0.0;0.0;0.3888893;0.06296427;1.6111107;1.218518;125.51852;115.44444;140.55556;120.55556;-30.222221;45.11111;-14.888889;140.55556;0.17863557;-2.3073962000000003;2
245.0;93.0;9;0.11111111;0.0;2.8888905;3.8963084;1.9444441000000003;4.9074087;86.296295;70.66667;112.11111499999998;76.111115;-46.88889;77.44444;-30.555555;112.11111499999998;0.36963773;-2.2315576;2
252.0;195.0;9;0.0;0.0;2.6111119;2.091428;3.722222;2.2052138;47.666668;42.444443;58.77778000000001;41.77778;-15.666667000000002;33.333332;-17.666666;58.77778000000001;0.28878826;-2.0516715;6
85.0;223.0;9;0.11111111;0.0;1.7777776;1.0470417;1.9444445;1.5116831;14.740741;12.666667;11.555555;20.0;-6.2222222999999985;-9.555555;15.777778;20.0;0.42312294;1.9665359;7
170.0;226.0;9;0.0;0.0;1.5555553;1.4246508;2.3888888;1.2895594;11.888889;10.111111;8.0;17.555555;-5.3333335;-11.666667;17.0;17.555555;0.5483296999999999;1.872506;7
3.0;78.0;9;0.0;0.11111111;14.833332;356.16672;43.333332;662.35547;79.666664;70.77778;91.44444;76.77778;-26.666666;35.333332;-8.666667;91.44444;0.26973316;-2.4116454;3
62.0;202.0;9;0.0;0.0;2.555556;1.7083669;1.4999994;1.1303879;60.48148000000001;53.66666800000001;74.888885;52.88889;-20.444445;43.22222;-22.777779;74.888885;0.2978795;-2.0606136000000004;6
106.0;191.0;9;0.0;0.0;3.166668;3.0313168;2.8333313;2.896358;63.0;55.11111;79.55556;54.33333199999999;-23.666666;49.666668;-26.0;79.55556;0.31752294;-2.0622857;6
9.0;80.0;9;0.0;0.0;2.9444444;13.751853;16.666666;71.5111;23.62963;17.333334;31.666666;21.88889;-18.88889;24.11111;-5.2222222999999985;31.666666;0.5142537;-2.4315135;3
29.0;195.0;9;0.0;0.0;0.44444433;0.40368652;0.61111087;0.6804136;16.037036999999998;14.444445000000002;13.333332999999998;20.333334;-4.7777777000000015;-8.111111;12.888889;20.333334;0.34230694;1.9430399;7
68.0;103.0;9;0.0;0.0;0.66666675;0.57777774;1.111111;0.96296334;2.148148;0.11111111;5.6666665;0.6666667;-6.111111;10.555555;-4.4444447;5.6666665;0.9876543;-2.1854658;3
78.0;186.0;9;0.0;0.0;2.833334;2.1222198;3.5555556000000004;4.2074056;35.296295;31.222221;43.88889;30.777779;-12.222222;25.777779;-13.555554999999998;43.88889;0.30228558;-2.0601218;6
130.0;145.0;9;0.0;0.0;0.0;0.0;0.0;0.0;0.0;0.0;0.0;0.0;0.0;0.0;0.0;0.0;0.0;0.0;5
210.0;153.0;9;0.0;0.0;0.0;0.0;0.0;0.0;0.0;0.0;0.0;0.0;0.0;0.0;0.0;0.0;0.0;0.0;5
86.0;140.0;9;0.0;0.0;5.444444;4.7687263;3.0555556;2.6784468;9.925926;6.0;15.111111;8.666667;-11.777778;15.555554999999998;-3.7777777;15.111111;0.627944;-2.417818;3
212.0;48.0;9;0.0;0.0;0.5555547;0.25185233;0.5555547;0.07407382;122.37037;112.22222;138.11111;116.77778;-30.444445;47.22222;-16.777779000000002;138.11111;0.18736246;-2.2786043;2
237.0;91.0;9;0.0;0.0;0.61111087;0.018518543;0.61111087;0.19629624;12.148149;7.5555553;20.666668;8.222222;-13.777778;25.555555;-11.777778;20.666668;0.63446367;-2.1475708;5
19.0;62.0;9;0.0;0.0;11.222222;0.8860995999999999;0.6666667;0.36514628;62.814816;53.77778000000001;80.0;54.66666800000001;-27.11111;51.555557;-24.444445;80.0;0.32936445;-2.1262069;4
143.0;34.0;9;0.0;0.0;1.0555546999999998;0.9289564;1.388888;0.8798136000000001;125.48148;113.66666399999998;142.0;120.77778;-35.444443;49.555557;-14.111111;142.0;0.19951604;-2.3572717;2
252.0;176.0;9;0.0;0.11111111;1.8888887;1.1482687;5.0555553;2.8551450000000003;52.925926;46.333332;67.0;45.444443;-19.777779;42.22222;-22.444445;67.0;0.32042044;-2.0516355;6
189.0;144.0;9;0.0;0.0;0.0;0.0;0.0;0.0;0.0;0.0;0.0;0.0;0.0;0.0;0.0;0.0;0.0;0.0;5
53.0;28.0;9;0.0;0.0;0.44444403;0.40368605;1.7777786;0.86066204;111.59259;96.44444;130.66666999999998;107.66666399999998;-45.444443;57.22221999999999;-11.777778;130.66666999999998;0.26183844;-2.4385846;2
75.0;65.0;9;0.0;0.0;2.5;1.1105564;1.5555553;0.9349202;57.74074;50.444443;72.66667;50.11111;-21.88889;44.77778;-22.88889;72.66667;0.31478265;-2.077647;4
11.0;163.0;9;0.0;0.0;1.0555553;0.928958;2.5000002;1.3123353000000002;19.814816;17.444445;16.666667999999998;25.333334;-7.111111;-9.444445;16.555555;25.333334;0.34426668;2.0016809;7
235.0;35.0;9;0.0;0.0;0.44444528;0.29629743;1.2222214;0.607412;97.92593;83.0;122.0;88.77778;-44.77778;72.22222;-27.444445;122.0;0.31949878;-2.2482352000000003;2
156.0;32.0;9;0.0;0.0;0.77777356;0.16296418;2.6111095;1.0407379;136.2963;129.77778999999998;146.33334;132.77778999999998;-19.555555;30.11111;-10.555555;146.33334;0.113055356;-2.280755;2
96.0;138.0;9;0.0;0.0;0.72222227;0.6469301;0.94444436;0.7123255999999999;1.1481482;0.11111111;2.7777777;0.5555555999999999;-3.1111112000000003;4.888889;-1.7777778000000002;2.7777777;0.9777778;-2.219242;3
156.0;86.0;9;0.0;0.0;2.2777777;0.38968182;0.27777767;0.250924;20.444445;15.888889;28.555555;16.88889;-13.666667000000002;24.333334;-10.666667;28.555555;0.44469786;-2.1782806;5
112.0;18.0;9;0.0;0.0;0.8333333;0.6912159000000001;0.5;0.27888793;113.77778;102.333336;130.11111;108.88888500000002;-34.333332;49.0;-14.666667000000002;130.11111;0.21325745;-2.3408391;2
11.0;108.0;9;0.0;0.0;1.3333335;0.80000025;1.3888888;0.95185167;17.666666;19.0;21.11111;12.888889;4.0;10.333333;-14.333332999999998;21.11111;0.38875645;-1.3021333000000002;1
222.0;131.0;9;0.0;0.0;0.0;0.0;0.0;0.0;0.0;0.0;0.0;0.0;0.0;0.0;0.0;0.0;0.0;0.0;5
18.0;70.0;9;0.0;0.11111111;9.444444;5.897896;9.944444;6.9487534;21.037037;16.222223;26.666666;20.222221;-14.444445000000002;16.88889;-2.4444444;26.666666;0.4158355;-2.5142038;3
93.0;236.0;9;0.11111111;0.0;1.7777777;2.6962965;1.9999999;0.93333334;12.518517999999998;9.555555;10.777778;17.222223;-8.888889;-5.2222222999999985;14.111111;17.222223;0.44724658;2.2671974;7
97.0;123.0;9;0.0;0.0;1.5555553;1.0962937;13.222221;108.74074;52.814816;48.0;64.111115;46.333332;-14.444445000000002;33.88889;-19.444445;64.111115;0.2805935;-1.9941053;4
183.0;111.0;9;0.0;0.0;0.6666667;0.31111106;1.0555555;0.50740737;5.703704;6.888889;7.0;3.2222223;3.5555556000000004;3.8888888;-7.4444447;7.333333500000001;0.56613755;-1.0650656;1
14.0;110.0;9;0.0;0.0;1.7222224;5.3518504999999985;2.6666667;1.0222229;17.925926;18.88889;21.444445;13.444445000000002;2.8888888;10.555555;-13.444445000000002;21.444445;0.36884832;-1.3450956;1
228.0;123.0;9;0.0;0.0;0.16666667;0.077777766;0.4444444;0.20740741;0.7037036999999999;0.0;2.0;0.11111111;-2.1111112000000003;3.8888888;-1.7777778000000002;2.0;1.0;-2.123254;3
178.0;128.0;9;0.0;0.0;0.44444433;0.34074068;0.88888866;0.2074075;5.9259257000000005;7.888889;6.4444447;3.4444444;5.888889;1.5555556;-7.4444447;7.888889;0.56371254;-0.7213002;1
44.0;79.0;9;0.0;0.0;0.44444403;0.34426486;0.7777786;0.4036864;107.74074;93.888885;126.55556;102.77778;-41.555557;56.44444300000001;-14.888889;126.55556;0.2580791;-2.3779652;2
58.0;217.0;9;0.0;0.0;1.3888888;1.06284;1.6666665;1.3498971000000002;11.925926;9.777778;9.0;17.0;-6.4444447;-8.777778;15.222222;17.0;0.48659843;2.0066419;7
75.0;131.0;9;0.0;0.0;0.22222222;0.029629637;0.33333334;0.04444442;0.5185185;0.0;1.5555556;0.0;-1.5555556;3.1111112000000003;-1.5555556;1.5555556;1.0;-2.0943952;3
