GLCM_pan;Mean_Green;Mean_Red;Mean_NIR;SD_pan;class
122.0980263;227.03125;104.4791667;585.1354167000002;28.64873281;n
116.3887755;186.5645161;79.70967742;299.9516129;22.05468089;n
148.2489177;316.8275862;207.5862069;380.0344828;38.42233546;n
167.9125;213.0;88.0;639.0;8.109253973;n
140.1569507;225.7142857;137.28571430000002;622.2857142999999;19.99706611;w
114.3885768;211.1044776;92.65671642;638.5074627;24.05890174;n
126.9777345;258.4429825;167.36842109999995;231.127193;19.94549166;n
137.4369369;246.8809524;120.547619;599.4047619;19.74956586;n
131.0292648;243.0909091;112.5454545;867.0340909;21.98940567;n
120.2744186;247.1029412;117.0147059;823.9852941;27.25881972;n
112.9369104;181.9719626;73.97196262;417.7850467;21.50453277;n
136.45833330000002;213.25;92.5;501.0;26.97053433;n
143.2269939;254.6451613;150.19354840000003;437.25806449999993;17.01868961;n
135.527907;200.5555556;90.96296296;365.3333333;11.07896585;n
131.128;236.0;108.0;740.5;27.69363645;n
134.5375303;184.6538462;80.48076923;337.7307692;19.80190356;n
120.5661861;231.3958333;103.8333333;690.7083332999998;22.5504065;n
128.2536349;217.8205128;96.35897436;582.2820512999998;28.99085076;n
132.2882206;252.68;111.72;799.16;29.09806866;n
116.0102302;254.53658540000004;122.9430894;657.7073171;25.39912088;n
120.372211;183.9193548;75.0;315.1612903;25.09204699;n
131.36459309999998;178.81008899999995;73.89020772;229.0059347;14.60430788;n
132.4734848;188.9090909;89.30303029999997;442.7272727;22.86756699;n
149.8543689;202.8461538;92.46153846;449.6923077;14.66550112;n
129.998;233.2222222;135.20634919999998;293.7460317;24.19386095;n
137.5505124;203.5116279;86.11627907;431.9767442;19.06687443;n
125.3905237;243.4330709;116.2992126;757.1889764;21.07356714;n
111.8392857;203.1428571;91.14285714;575.7142857000001;15.67608994;n
140.2176871;212.6486486;99.18918919;628.2432432;34.21051573;n
132.2666667;194.7666667;84.5;318.2;19.10031995;n
112.1184211;213.6315789;104.5789474;604.6315789;16.65404878;n
106.984375;213.0;94.0;498.0;24.55987581;n
120.1374346;346.4479167;248.2708333;441.30208330000005;15.87088475;n
116.0833333;219.4444444;99.33333333;440.6666667;53.19519147;n
183.28125;270.0;146.0;430.0;29.5;n
146.95625;255.0;126.0;648.5;19.68755952;n
141.57638889999996;213.0;90.77777778;721.7777778;40.47221269;n
109.6439024;230.9615385;112.8076923;635.1153846;15.47688676;n
120.7069767;227.9074074;107.287037;656.25;28.35536997;n
127.4378194;256.5675676;129.3783784;633.3513514;15.99771715;n
153.2784091;231.2727273;107.2727273;649.4545455;22.57293047;n
148.60763889999996;293.44444439999995;204.1111111;347.5;44.78618614;n
133.7643979;290.5833333;157.66666669999995;517.75;22.52864689;n
132.5372017;242.1777778;121.77037040000002;533.5037037;26.43745524;n
123.31229240000002;257.8421053;154.2368421;261.7105263;22.17259482;n
136.00954199999998;213.1818182;97.0;593.4848485;37.99893672;n
124.359322;201.6216216;86.91891892;575.7837837999998;20.82210995;n
131.82330829999998;173.8235294;76.0;208.1176471;9.541024152;n
118.5073892;214.6153846;92.69230769;390.5384615;17.3495221;n
93.09375;396.6666667;234.8333333;518.6666667;76.96319467;n
123.1666667;249.0833333;116.5;930.5;17.78790944;n
112.2359307;241.7241379;122.4482759;565.9310345;29.10426539;n
144.8638211;207.2580645;95.29032258;520.1935484;14.38499912;n
131.07570420000002;198.2777778;88.0;506.61111110000013;53.74000051;n
141.5742297;199.2444444;127.3333333;364.1777778;15.21928601;w
135.7036424;223.4473684;118.3684211;610.2368421;24.7107365;w
141.3839398;257.44;144.64;343.36;39.74624007;n
124.2546053;222.8795812;122.2356021;567.8586387;21.2399027;w
111.109375;226.0;100.0;717.0;9.287087811000001;n
122.9882353;206.4186047;91.79069767;590.7906977000001;25.47145509;n
116.6361607;224.8588235;107.8823529;761.6352941;20.45792712;n
134.82061069999997;231.2424242;100.4242424;712.3636364;15.40157291;n
108.7135417;223.8333333;104.0;760.0833332999998;33.49709772;n
118.6733871;218.5483871;96.90322581;558.5483871;16.01495139;n
148.5;254.0;153.0;371.0;22.07623156;n
115.1931818;199.0909091;82.18181818;431.8181818;37.56515002;n
117.650655;236.4861111;155.45833330000005;541.5416667000002;18.51182055;w
138.3960245;202.804878;91.87804878;547.195122;36.26360952;n
124.6640625;222.9166667;102.0833333;764.5833332999998;29.60703276;n
112.8020833;213.5833333;95.33333333;586.5;24.69592859;n
100.15;243.8;111.0;764.8;30.13702042;n
119.9879032;196.9677419;85.4516129;485.2903226;30.43712066;n
144.17894740000003;192.6666667;87.66666667;563.6666667000002;25.8245953;n
131.33104129999998;232.671875;107.953125;629.8125;18.51411518;n
130.10732009999998;209.1176471;113.86274509999998;530.5490196000002;20.01553606;w
124.2998379;202.3846154;98.20512821;331.1794872;14.1949422;n
153.4140625;356.5;231.5;359.0;26.12948526;n
140.2236842;224.3157895;105.6315789;559.6842105000002;21.31520467;n
140.3920455;204.0;96.0;583.0;21.8594307;n
134.6636086;182.0243902;78.56097561;254.6829268;17.66049039;n
118.3917775;247.75;111.7884615;700.5769231;25.04873209;n
129.04050759999998;238.9069767;117.1782946;643.4031008;24.39011504;n
116.8576159;310.5263158;174.5263158;551.2105263;14.64255552;n
124.52673090000002;188.0277778;97.22222222;356.2916667;17.16091238;n
131.6105442;208.75675680000003;93.91891892;596.4054054;27.19832204;n
102.5078125;212.25;100.0;618.25;22.74003903;n
128.11472279999998;238.0606061;105.9393939;730.6969697000002;28.78379556;n
128.29111840000002;232.9736842;129.0;558.7631579;18.24936913;w
150.2125;227.4;99.0;670.0;19.1;n
127.2188119;190.3149606;110.1023622;383.3937008;19.66645422;w
134.9865772;232.5357143;118.6785714;397.9642857;24.53576627;n
152.2138158;280.7368421;156.05263159999996;309.2105263;22.27590776;n
126.9560976;240.2621359;113.4951456;644.3203884;21.35617366;n
120.8625;688.4;533.4;706.4;45.00044444;n
123.588685;236.5121951;144.4878049;675.2439024;20.62070715;w
132.9669118;261.6470588;105.8235294;870.7058824;18.61372043;n
113.2763158;195.0;84.54166667;467.4166667;27.2758542;n
131.0800915;188.5636364;87.10909091;238.0727273;13.30767504;n
141.65723269999995;205.55;90.45;558.35;40.3931925;n
137.6171875;218.3125;100.3125;604.6875;33.51771919;n
137.165;250.84;121.16;790.52;21.85457389;n
122.9924433;244.08;111.32;732.4;20.35186478;n
119.2447917;240.25;143.91666669999995;424.0;16.44245014;n
127.4939173;210.0;92.84615385;459.0;27.43696379;n
132.20228390000003;199.8701299;83.0;472.3376623;30.97568946;n
112.6738382;206.3424658;88.76712329;567.3835616;27.81707127;n
124.9349548;233.4144144;108.6846847;789.2072072000002;24.1447156;n
133.503413;258.45945950000004;157.3513514;514.6216216;26.77043058;n
146.7479839;224.6451613;110.64516129999998;546.1290323;19.4187654;n
129.58413000000002;168.42424240000003;72.57575758;184.9090909;11.08984305;n
136.2387387;224.5714286;100.8571429;664.1428571;22.71203942;n
142.2727273;205.1818182;91.72727273;457.1818182;15.64851536;n
133.75426140000002;198.6931818;86.14772727;549.0681818;29.50805325;n
145.0513834;195.0625;86.9375;351.0;17.51506048;n
118.522293;236.0869565;109.2173913;843.2898551000002;33.11403603;n
139.90358740000002;201.8928571;88.42857143;471.9285714;21.07372869;n
118.2352941;219.4117647;104.0588235;574.2941176;12.97055489;n
106.3263889;216.7777778;92.66666667;556.6666667000002;27.57391861;n
119.4053156;236.34210530000004;105.7368421;663.8289474;28.21878255;n
123.2001121;271.5688889;130.59555559999998;847.7288889;27.90005301;n
132.949574;228.992674;107.8278388;567.6849817000002;37.1330528;n
121.9121299;241.6142132;123.2893401;548.2081218;29.33594898;n
145.08102769999996;208.28125;108.25;269.90625;20.06958111;n
124.3803922;278.4375;154.0;513.25;34.70269937;n
136.0364668;230.8846154;112.0512821;544.5256410000002;23.57697536;n
142.1;222.0;101.0;697.0;51.79575272;n
142.10726069999996;214.7368421;93.57894737;573.3421053;31.34886577;n
111.6927083;372.4166667;264.75;397.0833333;18.56276889;n
114.5959596;246.44;115.72;791.08;26.28295265;n
127.2915531;216.5217391;96.97826087;473.2826087;30.10612138;n
123.3024283;207.754386;120.6666667;436.0877193;18.28445596;w
117.0018149;252.9428571;147.71428569999995;421.0857143;12.68732294;n
112.6846758;205.734375;91.40625;419.6875;23.89852816;n
98.96428571;186.7142857;81.57142857;491.2857143;18.06225063;n
126.6111111;219.4074074;98.88888889;503.5925926;17.94581083;n
117.3981191;261.725;141.45;722.875;17.88428081;n
134.7035928;308.9047619;208.0;374.8095238;11.03303635;n
134.94798889999998;268.3406593;131.3296703;747.2307692;23.187209;n
107.9318182;269.3636364;122.7272727;752.0;20.69175585;n
162.075;244.2;118.2;698.0;19.95394698;n
134.15779469999998;222.1515152;98.45454545;714.6363636;21.50396636;n
125.4453925;482.8918919;278.6756757;425.4594595;18.62081746;n
107.9789474;217.9583333;93.58333333;677.5;25.55763503;n
146.83125;241.8;113.4;675.3;39.78944584;n
144.22916669999995;246.6666667;116.6666667;823.6666667000002;33.00505012;n
118.8855981;202.7037037;90.71296296;402.4537037;25.50996168;n
117.2975;237.32;111.52;681.16;29.82482188;n
128.2168675;179.0;87.28571429;257.4285714;14.92353906;w
88.40625;264.0;142.0;502.0;3.561951712;n
131.19761499999998;188.2792793;81.41441441;253.8108108;19.45666063;n
132.81976509999998;253.1987179;139.9230769;454.9871795;14.90186367;n
118.2571288;202.0859375;90.2109375;360.375;21.28498814;n
141.1953125;229.0;109.5;708.5;15.5241747;n
127.8954299;223.2839506;101.7530864;587.8765432;26.94704002;n
139.80803569999998;175.28571430000005;78.71428571;270.2857143;9.641534301;n
107.4137931;219.8181818;100.0909091;732.6363636;10.28518954;n
147.1944444;251.8888889;129.9444444;691.5555555999998;25.34460032;n
119.8274648;257.0;120.7222222;865.2777777999999;21.59532414;n
113.7688442;181.44;100.12;271.84;13.88028818;w
142.605;216.24;95.12;531.24;30.9597416;n
105.872549;220.76923080000003;101.7692308;686.5384615;27.06293345;n
129.69107140000003;205.0377358;90.37735849;359.9528302;22.80767056;n
134.9475891;226.7666667;102.2333333;625.4666667;24.0096277;n
96.38888889;836.7777778;675.1111111;877.8888889000001;51.10362264;n
136.3873874;212.4285714;99.28571429;652.7142857000001;51.96623708;n
106.84375;262.375;128.0625;837.25;23.92362522;n
140.8571429;175.75;79.91666667;293.0;6.015604708;n
115.60037;245.1911765;119.1617647;724.5441176;37.46586393;n
130.264095;203.9647059;99.55294118;300.4352941;50.29089635;n
135.2687627;204.6129032;88.5;208.9032258;16.70024799;n
133.8465608;241.9879518;123.4216867;575.8433735;29.51140323;n
122.02644479999998;227.0724234;106.0668524;550.9665738;36.81162253;n
135.4613971;248.6470588;134.3823529;454.1470588;44.95753475;n
120.9509063;198.0240964;83.1686747;419.9036145;42.24430395;n
115.849866;235.893617;107.106383;757.212766;19.60157697;n
135.52;206.9268293;94.75609756;497.39024389999986;25.93592526;n
127.6761364;221.4545455;103.0909091;768.4545455;28.98988139;n
114.0;207.7428571;99.14285714;599.1142857000001;26.90882565;n
135.6559524;199.1698113;89.8490566;441.6603774;22.92865092;n
159.5170455;223.6363636;98.90909091;556.4545455;23.85354765;n
130.18625500000002;212.5555556;95.33333333;523.2063492;41.23623174;n
123.6722222;235.1764706;102.8235294;626.6470588;18.90963761;n
127.872211;208.516129;95.96774194;377.7741935;28.86438923;n
136.5945946;183.1904762;78.71428571;444.85714289999993;13.19296865;n
137.0951195;208.015873;90.97619048;423.968254;27.9906672;n
132.9221949;185.7662338;78.55844156;349.4025974;25.59113894;n
103.4930556;198.2222222;87.11111111;410.7777778;40.25229079;n
138.46726189999998;211.52380950000003;91.76190476;539.6666667000002;31.21885296;n
130.1183575;230.2307692;104.1923077;689.3461538;16.02328188;n
125.7730449;235.5608466;107.957672;765.8465607999998;36.7743382;n
160.8945313;609.375;483.5;694.9375;27.83405064;n
120.625;438.0;268.0;461.0;31.61392098;n
126.4333932;236.7885714;116.0057143;565.3771429;41.13785525;n
144.40143369999996;197.1714286;87.2;570.7428571;21.11890535;n
123.8579545;314.0909091;211.0909091;403.8181818;30.40283942;n
132.56583429999998;183.0892857;77.66964286;226.2678571;16.806057199999998;n
126.6666667;246.1132075;143.84905659999995;440.5849057;35.59827001;n
140.54375;225.95;101.9;724.3;19.57875124;n
141.9889381;176.6206897;103.6206897;336.68965519999995;11.23884042;w
127.0167526;207.244898;97.67346939;420.5918367;16.11818595;n
143.92708330000005;400.8333333;307.0;425.9166667;43.20003537;n
175.0;205.6666667;98.0;528.6666667;4.921607687;n
135.87083330000002;283.2;186.8;276.6;23.09593519;n
127.8590476;205.2727273;93.81818182;716.1818182;23.71169038;n
129.6037625;198.64485980000003;88.0;371.7383178;42.90861534;n
135.78125;242.0;110.0;761.0;22.28473412;n
135.25753659999998;187.5616438;84.73972603;313.4931507;25.68923069;n
130.36823940000002;267.6545455;175.7909091;356.2181818;18.80499318;n
142.7861635;236.625;106.85;606.1;29.52667226;n
131.8706294;220.25;97.02777778;456.33333330000005;34.29568009;n
114.8125;208.5;94.5;474.38888889999987;23.12739811;n
105.6489362;274.0;156.5;385.5;31.57926535;n
126.468599;205.9230769;90.0;358.6153846;26.84758647;n
126.127907;203.7777778;89.51851852;567.7407407000002;20.9037247;n
138.3977273;210.9090909;114.3636364;637.5454545;24.68432935;w
124.88801399999998;232.2361111;107.1388889;721.3333332999998;21.60117863;n
133.63095239999998;185.0;73.0;267.5;9.594716971;n
137.69196430000002;213.0;94.07142857;493.6190476;38.11213911;n
132.58281570000003;178.6065574;75.42622951;262.3442623;16.20683961;n
129.1319444;231.2222222;104.0;552.5555555999998;7.959775417;n
139.7841307;185.9074074;83.2962963;382.1666667;16.9397079;n
128.12676059999998;187.8723404;87.20212766;272.46808510000005;18.52049444;n
126.7183771;202.556962;89.49367089;424.5063291;24.26050997;n
143.0894819;200.95;86.6;445.575;26.6856586;n
119.3797468;195.68571430000003;109.8571429;411.2285714;14.16503312;w
123.2102273;184.75;80.20454545;490.3181818;28.38550839;n
121.4270833;219.1666667;93.375;583.2916667000002;20.15732394;n
133.82857140000002;202.9090909;95.90909091;508.5454545;15.47325071;n
132.5554705;204.6463415;85.63414634;442.695122;35.47510669;n
122.048;223.375;99.75;707.125;8.569568251;n
115.5267857;211.0;91.0;465.0;37.74890186;n
123.8604794;214.5294118;94.23529412;677.6960784;24.19062766;n
114.9780564;241.975;110.125;733.45;24.33381135;n
129.6870839;237.9674797;122.9300813;495.1853659;33.48188078;n
144.4507042;248.0;114.0;876.0;26.98147513;n
121.20972720000002;237.5714286;109.1918367;722.5673469;30.97752299;n
124.1470138;279.902439;168.97560980000003;430.0487805;35.11878373;n
112.8138075;251.7333333;110.8333333;806.0;32.57783841;n
117.254417;204.0;95.5;356.0;15.72290929;n
128.1666667;222.4444444;101.7777778;565.6111111;15.71886006;n
110.5147059;222.0588235;100.5882353;692.4705882000002;27.38157894;n
153.859375;206.0;91.0;549.0;13.11249404;n
120.8641869;203.890411;84.83561644;391.4246575;29.37686484;n
146.625;208.5882353;88.70588235;454.0;15.85771509;n
119.2141791;293.1309524;203.3809524;368.6190476;34.44436673;n
150.0958333;224.0;136.4666667;529.4666666999998;14.09428568;w
114.8044872;233.5128205;116.6923077;462.2307692;30.51958555;n
120.7772436;218.6923077;100.2051282;567.3076923;31.82380817;n
115.7030568;205.2068966;85.24137931;476.3448276;27.14413021;n
97.075;251.4;122.8;635.1;11.65160933;n
139.8318966;207.6206897;94.24137931;465.9655172;23.98181039;n
122.4010417;195.5;88.08333333;223.4166667;18.99616189;n
113.2142857;440.85714289999993;271.42857139999995;579.4285714;66.103197;n
136.30401740000002;231.9827586;103.5862069;594.4655172;28.22251591;n
130.6770992;174.98795180000005;75.26506024;312.7349398;12.14178109;n
116.4702886;194.8648649;88.94594595;599.4324324;24.10635068;n
138.0681004;209.6226415;89.96226415;588.4339623;23.34222313;n
127.2306176;430.28125;293.6458333;341.6354167;12.07636293;n
113.7933333;246.2553191;111.893617;676.787234;33.26988832;n
126.4634146;195.0;85.25;86.5;7.327175445;n
147.454023;202.6363636;96.40909091;549.7727272999998;19.93030211;n
147.7625;239.5;153.0;300.75;19.40225502;n
116.47391299999998;206.4827586;91.62068966;408.31034480000005;16.61396344;n
129.0358306;229.5517241;114.48275859999998;375.05172410000006;37.05265479;n
130.0105018;184.8703704;103.1666667;319.7777778;21.73225274;w
126.7524917;260.0;136.0657895;507.5657895;17.49928768;n
125.6269221;231.712;113.824;602.104;23.80528513;n
140.7568627;194.125;80.25;343.625;17.99034029;n
130.6226506;178.17557250000004;76.13740458;262.5801527;16.40669177;n
142.0351759;253.88;126.12;650.36;27.80601374;n
132.6595625;209.3982301;104.5486726;225.9911504;14.27735622;n
135.5630952;231.4339623;111.5471698;767.1132075;15.21622955;n
100.8990385;206.9230769;90.15384615;522.6153846;12.27351023;n
131.0137255;197.375;85.25;383.375;35.51886603;n
135.7060185;229.1111111;104.4814815;570.6666667000002;32.77336233;n
137.2;214.6;98.85714286;513.7428571;22.26071858;n
108.5454545;214.3636364;91.63636364;589.0909091;13.66784245;n
115.6963351;227.6666667;100.6666667;694.1666667000002;15.29773948;n
124.4125;218.6;103.4;617.1;14.7543214;n
134.5829556;264.5714286;151.4857143;418.4428571;22.97720698;n
90.83908046;222.8181818;98.36363636;707.1818182;17.27464104;n
140.72105259999998;225.1666667;98.5;643.7083332999998;25.04315719;n
120.5619919;214.2741935;97.35483871;560.1451613;26.31504873;n
133.2920082;209.1311475;90.42622951;526.3934426;24.08802053;n
110.7904412;222.7647059;102.4705882;636.9411765;20.24247479;n
119.9776453;502.5714286000001;519.0119048;796.452381;41.84194934;n
117.7993421;234.9473684;127.42105259999998;365.6842105;29.34199906;n
139.0763158;243.0833333;115.7083333;747.0;20.89951986;n
121.5371094;334.53125;221.515625;385.359375;46.6508364;n
132.24409450000002;211.5;107.75;444.25;29.91211084;n
109.8367347;236.3488372;121.255814;518.3255813999998;20.97096811;n
115.7096774;199.75;83.25;414.75;12.43734296;n
125.845912;212.1;98.525;661.65;33.69120805;n
129.2954545;236.0;127.0;339.0;24.4066784;n
136.09;221.3157895;98.47368421;507.0526316;13.46134303;n
148.203125;229.75;137.5;314.5;15.47376813;n
129.9919614;264.28205130000003;147.97435900000005;472.0;21.0227953;n
130.01136359999998;199.1818182;95.27272727;520.6363636;12.18656624;n
116.8474843;249.925;111.875;667.55;15.70915338;n
132.5234899;228.1721311;101.6967213;644.8770492000001;18.81549655;n
139.6590909;211.5454545;91.36363636;679.8181818;13.61452797;n
133.1875;225.0714286;103.2857143;594.7142857000001;27.54115659;n
103.4767442;221.0909091;96.45454545;545.2727272999998;15.51698616;n
128.3419118;234.7764706;112.0705882;576.8;34.97607685;n
141.37132350000005;254.1470588;147.73529409999998;462.7058824;26.50104457;n
121.1076017;870.7983193;661.8151261;704.184874;16.37396629;n
117.7368421;202.3;92.86666667;418.0;14.50976683;n
125.4125;251.5;132.95;506.2;22.03656053;n
106.355814;218.6296296;99.48148148;719.5925926;19.9242048;n
113.9808362;188.7222222;82.08333333;456.0;16.62578319;n
118.5287206;209.0833333;93.85416667;463.9791667;23.87976247;n
141.32638889999996;203.8888889;79.11111111;492.0;20.29230834;n
131.71019679999998;229.0571429;101.8571429;630.8;19.52756294;n
123.5139949;203.7297297;87.89189189;521.5675676;39.08470695;n
123.52441609999998;255.0338983;138.3728814;588.3050847;28.84446;n
135.12913909999997;258.6315789;125.6842105;770.2105263;13.80874507;n
115.55;213.125;93.79166667;561.125;42.94982538;n
126.8053463;223.8547009;106.962963;521.5156695000002;29.90213201;n
113.9711538;231.1153846;104.7692308;670.8846154;32.24334251;n
131.7596967;238.7685185;121.3148148;491.17129630000005;31.89137802;n
118.5245232;214.6304348;95.89130435;549.8913043;38.46015295;n
127.3075435;178.0615385;72.96923077;352.4307692;22.08437826;n
138.326087;237.5652174;106.4347826;620.9565217;20.24182721;n
136.77044030000002;200.3;91.6;570.6;31.8023584;n
135.9861878;245.7391304;124.2608696;384.9130435;24.5231267;n
140.9230769;216.2;100.4;534.8;15.10761397;n
124.7818182;223.7884615;95.01923077;657.6538462;20.95277693;n
97.38297872;228.3888889;103.6111111;674.0;7.397864222999999;n
113.203125;229.5;103.3333333;725.6666667000002;30.58957702;n
123.8648889;229.0754717;107.2122642;623.6132075;33.65579888;n
122.125;205.3207547;91.05660377;399.245283;17.43396226;n
71.71875;209.0;97.0;565.0;7.0;n
135.1797005;193.3421053;80.39473684;403.8947368;18.57054007;n
133.06974;203.1132075;91.62264151;432.1886792;25.71127029;n
133.5553064;449.6904762;425.64285710000007;670.4404762;30.40559858;n
138.8090909;237.1428571;108.2857143;737.8571429;34.88230942;n
117.1058201;244.0833333;131.8333333;394.6666667;18.94069692;n
136.25061730000002;191.6862745;87.17647059;441.7647059;20.3907805;n
144.2718447;229.8461538;105.9230769;641.3076923;18.39796747;n
128.1954596;200.4690265;83.80530973;497.53982300000007;24.75445711;n
118.3916084;253.6111111;117.6111111;841.1666667000003;14.87281471;n
133.308642;220.19354840000003;97.06451613;593.8064516;16.25396774;n
110.1798942;288.75;173.33333330000005;360.25;12.89352766;n
132.42931940000003;182.1666667;86.58333333;423.0;27.87210374;n
128.8273956;457.8737864;430.8252427;715.9902913;35.22775097;n
145.2019231;235.76923080000003;129.0769231;433.1538462;25.18593578;n
134.97379030000002;257.70967740000003;164.19354840000003;313.2580645;37.74626388;n
138.3139963;206.9558824;100.6617647;387.02941180000005;22.64102288;n
142.19253730000003;227.02380950000003;102.2857143;661.4047619;24.12417094;n
128.6319544;207.2954545;97.56818182;384.2954545;16.74408971;n
118.9467742;210.6666667;89.84615385;529.1538462;36.24006813;n
133.4896789;192.5181818;83.15454545;326.3454545;22.41936147;n
153.5625;245.3333333;121.0;714.6666667000002;19.75878848;n
130.6810345;179.5454545;80.72727273;317.8181818;15.99283156;n
129.78411409999998;261.2903226;161.6451613;405.1612903;12.14840594;n
143.49728259999995;211.6086957;95.73913043;612.3478261;29.53009423;n
129.3477157;208.28;93.36;779.56;17.68416241;n
117.4930556;513.5555555999998;347.44444439999995;386.1111111;104.4392434;n
121.546875;178.5;82.5;374.5;20.0869205;w
118.0435435;205.547619;93.16666667;625.6666667000002;36.93756607;n
101.4625;220.8;97.6;530.0;31.53791369;n
105.8125;198.0;83.0;413.0;12.21818115;n
134.34699709999998;198.5454545;86.27272727;402.0454545;28.51416931;n
117.9453552;226.9565217;106.1304348;611.9565217;11.33190621;n
163.5875;252.6;116.0;642.6;20.672687300000003;n
130.66221370000002;213.969697;96.04545455;649.030303;32.69997459;n
98.8984375;220.75;100.75;572.5;27.95979256;n
105.4791667;339.6666667;206.0;609.3333332999998;41.34811564;n
133.0968447;228.880597;115.7661692;563.1542289;25.20846576;n
112.5952381;190.2857143;83.28571429;355.14285710000007;31.16673033;n
120.5392457;236.5806452;127.64516129999998;606.8709677;26.66045117;n
110.3010471;191.0833333;81.91666667;368.25;20.50673162;n
138.9683794;259.0;130.25;476.0;14.10008865;n
111.02869440000002;229.0909091;100.6590909;599.8636364;33.02199993;n
95.75625;193.4;83.5;417.5;13.87804021;n
115.46729779999998;240.4794521;131.1917808;463.1780822;25.07605994;n
120.7901786;199.4285714;94.07142857;402.14285710000007;17.66640996;n
133.3715278;405.7777778;331.94444439999995;564.1111111;36.83936602;n
123.5194245;308.25;190.2954545;206.6818182;17.09784373;n
130.42006270000002;204.6;90.4;405.1;33.13004679;n
103.7894737;223.0;100.0;596.5;12.4465524;n
101.3005952;534.8095238;398.4285714;605.952381;27.31183824;n
94.5875;195.2;82.6;457.4;23.49127498;n
118.902439;377.0;300.4166667;775.4444444000002;57.80466121;n
139.917847;191.0;82.26086957;395.4782609;18.92188699;n
122.7248908;201.4482759;87.65517241;359.3448276000001;22.80100546;n
123.1378446;248.68;115.64;544.36;39.48205162;n
142.73958330000005;220.6111111;100.6666667;480.6666667;16.75384607;n
144.26008969999995;240.4642857;135.0714286;381.8214286000001;18.58443912;n
123.2283951;470.7424242;447.9166667;749.6212121;31.11926833;n
120.3627737;205.5;119.3953488;416.5813953;20.67631835;w
123.2974288;189.8;80.58888889;397.2111111;35.03024443;n
143.97382199999996;230.125;102.5416667;707.5416667000002;20.12392164;n
119.8019324;229.5384615;104.38461540000002;655.0769231;36.68426375;n
114.5357143;213.3333333;97.61904762;563.7619047999998;15.453829999999998;n
123.3654709;262.0714286;138.3214286;244.5;24.06146466;n
108.59375;209.1;99.3;415.6;25.72255819;n
131.9306488;267.7857143;138.03571430000002;424.85714289999993;15.47459241;n
119.3233333;232.0177515;109.6982249;542.0887574;22.35035708;n
162.21875;221.0;107.0;437.0;9.0;n
124.1565975;401.5047619;311.7;422.57619050000005;17.73964135;n
135.1063931;244.2272727;114.905303;634.7007576000002;23.53908419;n
119.37747040000002;220.40625;101.9375;545.125;19.11884603;n
137.73958330000002;228.6666667;101.0;706.0;23.62025967;n
137.2898551;195.8846154;87.80769231;409.9230769;18.18706218;n
127.0078125;206.0;89.25;444.75;19.40642613;n
141.5546875;195.4375;86.0;492.5625;25.68552304;n
133.8713592;211.1923077;94.46153846;555.1153846;24.89602639;n
119.1684867;231.1358025;107.2098765;741.2839506;19.67219548;n
124.11142859999998;222.4772727;96.77272727;495.9772727;18.40836138;n
98.3015873;229.125;92.625;665.625;12.43922727;n
118.2882022;267.3571429;162.77678569999995;498.7232143;12.70211283;n
128.0130208;201.625;89.41666667;421.95833330000005;30.72048606;n
122.1508772;307.7222222000001;200.0;360.0;36.22805849;n
115.2842105;228.75;104.375;798.75;14.5085583;n
121.1696429;226.0;146.21428569999995;595.5714286;22.80854208;w
155.1132813;199.875;87.75;479.9375;14.33513494;n
132.5204461;216.4705882;100.9411765;481.7058824;30.78398901;n
139.2248428;195.125;86.725;395.7;16.6576559;n
113.3706294;250.7037037;132.2592593;532.4074074;26.08254282;n
117.4130435;238.0204082;113.5102041;667.7959183999999;28.39770802;n
119.10247350000002;201.8591549;89.81690141;438.5774648;38.0947409;n
137.5034483;201.826087;88.73913043;481.39130430000006;17.15711892;n
114.2310231;221.6578947;132.05263159999998;563.8947368;36.53340596;w
113.8541667;221.3333333;97.66666667;504.33333330000005;7.874007874;n
145.73958330000005;215.3333333;98.66666667;559.3333332999998;17.56891194;n
144.5958084;215.0952381;100.8095238;497.952381;12.14332399;n
117.5275591;226.75;105.625;636.625;31.35881056;n
143.7086093;220.89473680000003;100.6842105;560.6315789;20.76781017;n
129.33959850000002;283.2297297;179.0135135;397.6554054;11.54683669;n
114.87308229999998;231.0444444;104.2666667;653.9111111000002;22.26688844;n
139.4305556;200.5555556;111.1111111;484.2222222;24.51303508;w
144.77678569999995;186.952381;88.57142857;303.0952381;13.39374071;n
146.7653061;243.6842105;147.94736840000004;252.4736842;12.80148883;n
117.76581029999998;214.6875;95.984375;449.1875;12.93961335;n
126.74281609999998;220.1590909;100.6363636;528.8863636;17.73535655;n
100.2678571;226.7142857;95.71428571;638.0;31.418180100000004;n
111.3060498;268.0;125.0;887.0;20.42276931;n
117.7882448;215.8076923;96.73076923;620.0128205;29.16878268;n
119.67105259999998;226.84210530000004;111.4736842;514.4210526;28.136981899999995;n
152.0069444;213.4444444;100.4444444;718.5555555999998;31.25798663;n
133.9360614;210.2244898;89.38775509999998;428.5918367;32.62128556;n
143.6778846;202.3846154;87.38461538;435.5384615;16.53040949;n
110.0625;221.7142857;98.0;628.0;25.81646366;n
147.05;230.0;95.0;644.0;21.13196631;n
107.8645833;223.0;108.0;719.7777778;24.96491365;n
120.8015075;216.4;98.36;613.92;31.75657412;n
137.5220729;227.1818182;133.9494949;246.6262626;14.94549496;n
128.95892859999998;230.2;115.4285714;438.9714286;28.71313431;n
131.4975;270.24;125.72;757.28;20.52097464;n
133.6901141;214.4545455;95.48484848;415.3333333;11.88535687;n
127.4454106;227.6615385;110.4923077;445.2615385;18.35688285;n
125.4658754;190.4418605;91.65116279;188.0930233;19.02169209;n
118.8077634;276.0;133.44117649999998;718.5294117999998;17.098533899999996;n
133.4361055;212.8709677;95.58064516;644.8064516;35.84273082;n
107.7458333;204.1333333;83.46666667;479.8666667;22.95696457;n
150.5405405;304.7857143;194.8571429;444.0714286000001;18.90861482;n
133.4444444;230.6315789;115.9802632;591.6381579;18.65696563;n
112.25;686.0;528.3333333;703.6666667000002;43.77467558;n
116.8346008;227.42424240000003;104.5151515;736.3484847999998;21.86218206;n
122.0090909;233.7655172;106.6344828;662.262069;41.04161398;n
127.1672316;270.5357143;171.7321429;300.01785710000007;11.41578526;n
125.6718995;189.55;82.35;251.575;17.86265308;n
143.3509615;214.5;104.5769231;723.0384615;16.34090413;n
131.0538117;244.4285714;117.8571429;767.7857142999999;13.03527397;n
121.0208333;230.8666667;104.2666667;605.7;21.81969039;n
109.46875;216.5;104.0;611.0;18.22010489;n
127.81682240000002;241.4029851;119.19402990000002;587.9701493;28.72868761;n
120.1788909;219.2;96.25714286;492.4285714;20.62940738;n
116.0477707;224.6949153;104.8305085;671.3050847;38.90016243;n
147.67721519999995;228.7;105.8;605.3;17.52284224;n
123.384858;196.6;87.5;308.15;19.00236827;n
139.172956;194.7;80.4;388.9;22.9085137;n
120.1976987;240.3333333;125.3333333;654.5;52.97750833;n
143.6886792;205.95;91.5;542.85;11.30265456;n
131.71875;219.5;96.25;653.25;30.85573511;n
133.6448141;245.5;118.359375;682.171875;38.24300385;n
142.17611340000005;215.483871;96.69354839;496.6774194;28.10316212;n
137.0290557;261.3076923;159.4423077;406.4615385;19.44856477;n
117.6861642;205.4464286;89.80357143;640.1964286;27.03106088;n
137.7890625;218.0;93.25;543.75;13.10534242;n
142.2473684;197.25;97.25;433.25;11.71418893;n
127.2232143;219.4285714;100.5714286;588.8571429;17.27449459;n
139.40056819999998;230.8636364;128.4090909;420.9545455;39.05939533;n
129.6716542;253.5502183;146.1135371;438.4323144;11.09682514;n
123.3133159;330.125;267.5416667;723.8958332999998;59.42204277;n
141.3803922;211.875;96.25;621.9375;15.77961006;n
117.1355353;186.9272727;82.58181818;337.0;31.54902259;n
108.2270531;159.76923080000003;73.53846154;201.76923080000003;14.89211697;n
125.4014085;226.6666667;117.4814815;416.3703704;46.06886359;n
118.6767614;217.1078431;99.34313725;620.5;18.56810205;n
131.4986652;203.8898305;90.80508475;468.2288136;42.64415537;n
129.2234043;226.7457627;102.6949153;674.5084746;26.14331922;n
141.0653409;233.0;115.5454545;641.6363636;42.39603229;n
119.2863683;242.0404858;117.9149798;575.7692308;26.81530651;n
115.4605263;220.84210530000004;93.0;632.3157894999998;35.27368264;n
121.4685185;215.7647059;97.79411765;878.0294117999998;21.56690724;n
126.4571226;207.5955056;110.4606742;446.1235955;23.71210889;w
132.0175879;214.96;94.6;573.6;23.59274465;n
128.5841709;207.68;96.72;535.44;35.6538974;n
128.3293651;250.375;121.375;914.125;20.65052871;n
116.2102138;241.54716980000003;117.0;789.2830188999999;19.67518365;n
97.98181818;199.7142857;85.14285714;364.2857143;21.40570208;n
126.9479769;243.2727273;108.9545455;687.0909091;10.92697398;n
117.0189366;214.2528736;99.63218391;683.1724138;32.95459028;n
137.33878;232.7931034;121.7241379;352.3965517;15.74066169;n
110.1335079;209.2916667;103.4583333;473.20833330000005;19.77213949;n
147.6015625;465.125;319.9375;513.1875;25.88549002;n
139.3245614;249.1627907;142.97674419999996;441.4651163;26.5916174;n
121.1291391;220.4210526;107.7894737;767.0;23.22306917;n
131.04944740000002;199.5462963;88.37962963;526.537037;35.19894468;n
122.9086538;220.6153846;96.23076923;596.6923077;23.36790901;n
120.982699;209.5616438;121.4383562;461.9726027;19.34086493;w
111.0695364;225.1578947;103.0;618.8421053;36.92306893;n
128.8125;236.4545455;110.4545455;663.2727272999998;35.97427915;n
125.7160548;225.5574913;128.1010453;194.2857143;14.36070908;n
145.3258929;207.2857143;96.42857143;571.5714286;25.81448731;n
147.4734043;213.0;99.0;458.0;16.06410768;n
135.4375;234.9473684;108.5263158;570.6842105000002;19.24171945;n
159.07291669999995;212.0;95.0;613.0;17.24013405;n
119.0134529;243.755102;117.4795918;755.0510204;27.66118753;n
144.10780669999997;186.9411765;77.35294118;468.4117647;20.46839069;n
133.11894270000002;247.6046512;127.6744186;557.5813952999998;16.90302567;n
131.40476189999998;206.9655172;79.31034483;413.8965517;22.26566437;n
125.4758676;258.9622642;115.7358491;791.1509434;18.82156569;n
109.6388889;206.5555556;97.66666667;463.5555556;20.25942853;n
112.27163459999998;190.76923080000003;80.38461538;343.6153846;39.38756374;n
126.120487;418.3557047;348.6845638000001;671.7583893;36.88893191;n
116.921288;215.7142857;97.28571429;532.2285714;30.07465541;n
136.7769517;211.5294118;90.5;465.2647059;16.43791402;n
138.61431409999997;213.6031746;126.1111111;421.0;18.30492542;w
108.8860294;192.7647059;83.0;316.88235289999994;17.17908924;n
135.0969773;215.22;99.12;343.94;15.51681668;n
152.77777780000002;191.8333333;98.58333333;165.58333330000005;4.399337071000001;n
143.55833330000004;202.2;88.0;410.4;20.14944168;n
119.6354167;208.3333333;91.33333333;480.33333330000005;15.787653400000002;n
116.97528090000002;225.7857143;103.1428571;632.0;34.65684548;n
124.6613071;221.5619835;101.7272727;517.3471074;27.33198671;n
123.2451923;208.9230769;94.07692308;432.3846154;25.45747121;n
128.377907;353.0461538;268.3538462;664.8153846;26.81708367;n
127.48125;259.6;152.4;244.8;17.93432463;n
117.0836763;248.4456522;137.423913;510.0869565;27.05353336;n
139.9740854;221.1219512;101.7073171;624.6097561;37.42081864;n
121.3949224;214.7640449;97.65168539;487.3483146;23.33153575;n
136.90878940000002;188.8684211;79.65789474;279.9473684;16.8887717;n
127.5379538;271.89473680000003;146.36842109999995;538.7894737;15.1095721;n
88.99107143;218.4285714;103.2857143;617.0;9.007933012;n
107.2478992;248.0666667;112.46666670000002;850.2666667000002;15.98109995;n
132.0981098;271.1142857;134.0714286;657.2571429;23.10824572;n
123.9311682;220.3846154;104.6076923;665.4846154;21.51848524;n
142.4954128;210.4285714;93.28571429;543.1428571;24.31259017;n
115.0714286;212.1333333;102.8666667;694.4666667;18.2610697;n
131.2481203;209.72;143.64;410.16;15.312334900000002;w
109.33098590000002;332.44444439999995;221.0;374.0;44.98147767;n
135.6746231;188.98;101.98;329.99;17.85854137;w
146.91666669999995;251.3333333;113.2;770.9333333;31.87726463;n
124.0294118;244.0625;117.34375;634.84375;25.84552594;n
127.0125899;210.3142857;93.05714286;532.8285714;29.934568100000003;n
136.866242;223.8983051;101.6779661;711.1186441000001;22.41252266;n
138.1781327;191.4117647;83.92156863;348.1764706;13.63812532;n
112.8503937;290.125;145.4375;807.5;16.97136835;n
138.93569130000003;212.5897436;94.38461538;595.2820512999998;24.61028259;n
106.2421053;221.75;140.0;381.1666667;18.90326251;w
130.6167665;173.625;69.625;199.25;10.62642454;n
137.0966387;211.4;91.8;621.4;30.01377462;n
117.1993103;215.010989;95.26373626;676.5054945;24.55937505;n
133.65816329999998;227.7346939;104.9795918;440.8163265;18.26301434;n
132.47506869999998;198.30625;89.15;595.3;33.13183656;n
136.7146739;208.9130435;91.73913043;601.0869565;32.93425886;n
118.2400881;215.2413793;95.68965517;646.862069;16.11677068;n
149.22522519999995;250.952381;148.952381;379.0952381;27.95388168;n
149.5446429;243.0;111.0;408.0;18.53512936;n
124.358396;197.7;86.86;439.02;20.11765394;n
137.16930019999998;203.8928571;85.28571429;354.60714289999993;23.88247158;n
127.9153605;381.05;318.35;680.425;43.57877924;n
116.6030473;226.7307692;103.3205128;677.6410256;20.67178787;n
128.41259499999998;212.7931034;95.79310345;332.0;18.490806600000006;n
133.4198473;241.7727273;120.8181818;586.6818182;22.64356808;n
125.6776504;219.7045455;95.88636364;481.0909091;53.13719962;n
123.4726302;278.23404260000007;134.0212766;736.4468085;20.66688084;n
142.3464991;237.1142857;101.5428571;667.2857142999999;27.44249647;n
135.5298329;210.9056604;95.69811321;459.2075472;25.29924852;n
136.4581545;187.1864407;78.94915254;325.2542373;15.82615263;n
123.0129241;191.3333333;105.79487179999998;439.2307692;15.38376066;w
133.1058201;367.7083333;269.8333333;432.375;15.97198067;n
134.5298165;229.2545455;106.8727273;590.7818182;16.52080081;n
117.4779412;212.4117647;104.4705882;611.1176471;34.97977666;n
136.637605;235.0666667;108.75;633.9;24.29020722;n
125.8369565;293.0576923;188.0576923;473.6730769;21.41427108;n
127.841639;236.1052632;123.1403509;521.8245614;21.82247409;n
134.8367601;238.029703;128.970297;464.8415842;33.13319553;n
131.5273438;248.8125;122.875;796.6875;23.8916009;n
113.1822917;222.4166667;112.25;565.25;37.94037720000001;n
98.9453125;522.125;504.375;772.375;93.97606078;n
112.609475;227.4693878;97.34693878;616.8979592000002;24.71137852;n
129.21259840000002;185.25;75.25;288.25;11.52426109;n
121.925;205.5333333;92.2;426.6;24.55144259;n
130.88535349999998;266.256;148.27200000000005;429.384;21.21100997;n
163.7125;232.0;111.2;754.8;22.8035085;n
117.8825476;201.2631579;90.0;447.9736842;25.48070736;n
91.96875;221.25;110.0;343.75;15.8113883;n
165.1971831;218.1111111;98.0;655.8888889;22.42022896;n
141.30601090000005;190.2608696;92.04347826;576.3043478;20.34215826;n
130.56238359999998;216.3235294;124.6764706;566.6470588;16.8644094;w
132.91763980000002;187.5436893;80.86407767;231.2524272;17.21801344;n
116.2744186;227.2222222;97.7037037;595.6666667000002;22.365341600000004;n
120.0560472;237.3488372;118.93023259999998;613.0232557999999;22.67159195;n
140.9761905;222.0;90.0;509.0;31.61091584;n
137.11458330000002;187.75;74.91666667;493.08333330000005;15.95740859;n
154.6778846;236.3076923;121.8461538;415.0769231;15.60647719;n
154.3125;269.0;122.0;846.7142857000001;30.13710168;n
128.8581395;193.2839506;82.19753086;444.5925926;30.96654143;n
125.3138075;210.3;114.5;517.0;23.19839554;w
153.4921875;208.75;91.0;501.75;15.79111696;n
144.03144650000004;196.5;88.55;455.8;16.88460838;n
131.50217460000002;216.3138298;97.79255319;567.1170212999998;27.51825601;n
137.89790580000002;238.125;112.5;696.0416667000002;34.39830018;n
128.63582340000002;181.2133333;81.16;294.76;17.60179789;n
132.0612903;227.5128205;107.0769231;455.1282051;16.78655108;n
124.5949153;465.8918919;377.8108108;526.0540541;104.3641011;n
132.3579545;241.3939394;129.75757579999998;334.1212121000001;20.50442851;n
129.10625;171.1;66.6;225.2;19.1039263;n
119.3576923;215.5714286;128.3673469;476.6326531;14.33103598;w
141.2041667;220.0;101.6;643.6666667000002;37.41799923;n
133.0833333;243.8095238;113.8095238;669.3333332999998;22.67436844;n
136.0215232;208.4868421;93.52631579;455.4078947;29.2406998;n
141.2159468;178.3421053;78.42105263;309.8157895;18.32229165;n
134.7873303;186.0;78.28571429;373.14285710000007;14.44005908;n
130.9791667;220.9166667;99.08333333;649.25;16.69497596;n
160.0625;237.6666667;107.0;771.3333332999998;18.66071334;n
121.140625;797.0;608.0;819.0;74.87823449;n
122.6385135;209.7849462;91.94623656;576.516129;26.83134204;n
118.47046840000002;228.9354839;102.2903226;657.0322581;29.56113262;n
139.2536534;219.8;117.3666667;328.3166667;28.89641942;n
137.8674419;210.3333333;91.92592593;474.7037037;24.20375329;n
120.0991379;211.9655172;91.82758621;557.9655172;21.47824716;n
122.1012658;178.1;77.8;404.55;17.04780044;n
116.88486840000002;208.2105263;97.36842105;591.6315789;32.46912021;n
129.8398438;212.5;95.375;518.0;26.31769545;n
138.38888889999998;214.3333333;91.11111111;606.3333332999998;38.68039348;n
104.3080357;206.0714286;81.0;533.0;16.37833935;n
136.1394799;287.509434;183.1698113;350.1132075000001;25.05579392;n
123.0347222;214.8888889;99.55555556;528.4444444000002;58.74699887;n
122.13508059999998;237.12903230000003;110.8709677;683.483871;31.28902558;n
131.1425577;195.1;88.36666667;461.4;24.22186799;n
122.8478261;352.7868852;265.9344262;380.0983607;18.18652794;n
121.9293478;208.7391304;93.26086957;706.3478261;18.71929748;n
140.26325759999997;233.6969697;105.1818182;717.0909091;33.2643087;n
127.4916667;222.0666667;101.7333333;604.6666667000002;19.43353345;n
126.125;201.5882353;88.47058824;463.8823529;17.68505713;n
136.8790698;219.7777778;100.3703704;603.3703704;18.67357309;n
123.9339286;222.4285714;98.11428571;540.6;27.27821887;n
121.4034091;230.3636364;104.6363636;760.2727272999998;25.80441374;n
132.5321637;219.1627907;101.6976744;682.5116279;24.20772731;n
119.8656126;208.3052632;93.2;565.9578947000001;31.3630338;n
120.0378416;244.7722222;117.5888889;836.4888889;22.97904238;n
132.77894740000002;239.1666667;117.5;572.75;29.50561976;n
126.863103;445.14583330000005;335.4583333;582.3125;20.0467769;n
118.3367347;206.9459459;92.10810811;457.8648649;23.28710506;n
138.0171429;224.3636364;104.0;721.6363636;20.61372407;n
134.0416667;230.6666667;112.0;760.6666667000002;27.90858092;n
139.9819079;219.5;98.89473684;741.6315789;24.31420877;n
132.4395161;210.3548387;95.12903226;637.2580644999998;29.67019547;n
125.1293998;260.9615385;123.599359;742.875;11.46520146;n
112.2805281;249.4736842;127.1578947;635.4736842;14.22474922;n
131.9643164;228.9178082;112.65068490000002;484.6917808;27.70906474;n
132.2729358;285.6909091;174.9818182;381.3818182;24.04455919;n
116.3924051;227.9;99.85;583.9;7.552979545;n
132.7773393;296.5381166;189.8609865;409.8071749;36.12955255;n
101.575;208.8;95.2;513.2;31.08311439;n
162.5;207.0;93.0;690.0;17.70197729;n
112.3446866;247.7391304;112.2608696;801.7173912999998;22.14060798;n
143.0;210.84210530000004;99.63157895;717.8947368;37.09880496;n
123.8557692;189.5769231;86.80769231;403.6153846;30.41879772;n
129.8872017;211.9310345;95.44827586;587.2068966;30.40992234;n
135.51415369999998;193.7;83.9;323.2727273;10.84595366;n
145.07870369999995;219.6296296;102.2592593;507.6296296;27.41021007;n
114.4748915;223.955665;103.6748768;614.635468;27.43327684;n
106.4891041;199.3846154;111.1538462;412.2307692;24.92640054;w
116.9453782;208.8;105.46666670000002;329.4;38.0008187;n
133.1825;204.6;96.84;481.28;40.27358439;n
135.31746030000002;215.4166667;97.08333333;366.8333333;14.76176555;n
136.1504854;178.6153846;85.46153846;343.7692308;16.26954901;n
119.5015167;229.3870968;105.4677419;708.3709677;30.611186600000003;n
131.18263090000002;199.3469388;87.51020408;517.4897959;22.31249792;n
115.4009662;205.8846154;89.57692308;397.5;22.93833385;n
152.5361635;243.675;109.125;686.375;19.73702105;n
97.91071429;211.0;91.0;501.0;17.57781533;n
127.4290739;189.6111111;81.42592593;318.9814815;18.32431503;n
129.1302083;221.9444444;99.94444444;651.6111111;22.77235708;n
120.5231959;238.0204082;111.1428571;580.4693877999998;20.44702423;n
108.2395833;214.3333333;99.0;662.6666667000002;12.44208807;n
138.5844156;205.5862069;91.31034483;395.2758621;14.18377764;n
137.8046875;219.0;101.75;522.25;14.67086824;n
135.0380623;238.2636364;141.05454550000005;412.1181818;15.10379789;n
123.2785445;218.26;129.68;600.22;29.89494272;w
127.60802920000002;176.0;73.68965517;275.6321839;12.68663549;n
129.4375;214.7647059;100.0;438.8823529;45.13509134;n
118.8267218;227.7953668;105.046332;679.2702703;28.48019871;n
134.52777780000002;211.0;93.22222222;486.6666667;19.09471196;n
129.2612613;189.0;82.0;456.0;18.8289833;n
112.67391299999998;196.6521739;89.82608696;399.3913043;22.25101684;n
124.1558032;238.015444;109.1660232;744.3127413;37.63523371;n
122.8396675;205.4528302;91.11320755;396.5283019;20.519056600000006;n
149.79365080000005;189.5;80.5;407.0;16.41978608;n
133.451087;247.4347826;120.17391299999998;572.3478261;20.49740636;n
105.3105469;230.28125;105.46875;733.0;19.52339842;n
125.3180516;182.8636364;76.68181818;449.7272727;14.31702737;n
165.65625;230.0;108.0;555.0;9.027735043;n
102.9166667;208.6666667;89.66666667;501.33333330000005;26.2974439;n
129.4899598;207.5;86.5;294.25;11.15165346;n
127.9383825;206.2857143;98.26530612;553.8775509999998;29.12432956;n
128.58113590000002;200.8709677;119.32258059999998;436.5564516;24.03356784;w
129.8576438;275.8;146.85555559999997;645.7888889;33.40604107;n
116.3544423;252.1641791;113.4328358;879.0149254;20.56685007;n
114.4157088;215.2121212;95.60606061;497.8787879;35.85669365;n
137.8133333;219.1578947;100.1578947;416.0;20.46916809;n
137.0916667;229.6666667;106.3333333;724.3333332999998;29.47511191;n
153.54166669999995;204.0;87.0;452.0;1.699673171;n
130.24688559999998;183.1964286;79.48214286;440.26785710000007;13.26110191;n
131.95731709999998;388.6388889;322.44444439999995;623.7638889;79.26261242;n
163.6696429;257.1428571;163.78571430000005;300.0;10.38444677;n
120.34375;196.0;84.0;385.0;32.67856926;n
101.3698885;214.4705882;111.1176471;503.1470588;19.51800251;n
144.387589;200.2580645;88.69354839;530.2580644999998;19.281231;n
116.23125;174.9;75.2;242.5;40.80306361;n
153.75;199.75;81.75;467.25;25.13183986;n
117.440044;252.626087;125.7652174;645.1304347999999;22.58686237;n
134.3933075;234.1923077;112.3307692;598.0307692000001;30.62835153;n
124.5425532;251.4150943;119.754717;914.9433962000003;31.50810075;n
139.7904762;255.3333333;121.3333333;722.3636364;16.80553715;n
104.5058824;239.3125;126.1875;483.375;16.88260824;n
134.4121951;194.9615385;114.5384615;350.6923077;14.62130447;w
139.0144231;198.9230769;79.23076923;344.3846154;24.72044886;n
125.8463542;234.0;117.5833333;677.875;33.118474199999994;n
143.4976852;267.7037037;149.3703704;568.9259258999998;15.14946114;n
132.0265096;244.0697674;123.2325581;703.9302326000002;23.60163803;n
118.454219;189.2571429;80.45714286;289.0571429;51.72970567;n
140.6629921;182.725;76.15;334.8;17.83730291;n
141.597723;184.2424242;75.93939394;370.8787879;12.78608346;n
120.9231415;240.9666667;117.0666667;668.7466667;26.28730154;n
150.6625;241.2;104.0;752.5;29.22755549;n
123.5461957;314.8260870000001;205.2608696;336.7391304;25.10958967;n
137.45692309999998;233.7073171;108.195122;688.9756097999998;39.79274086;n
141.40756299999995;225.8;111.53333329999998;612.8;26.04150533;n
110.2881944;199.2777778;82.22222222;622.0555555999998;34.91616945;n
129.2307417;214.3257143;100.0571429;595.5428571;32.93000319;n
132.325;203.6;120.68;378.32;24.0028665;w
127.7631064;218.2056075;101.0529595;524.6137072;37.32384102;n
144.0801394;200.4444444;87.77777778;441.38888889999987;23.02387381;n
118.3859649;225.4444444;108.3333333;528.4444444000002;17.17232916;n
119.79605259999998;499.3157895;351.3684211000001;574.3684211;42.3086535;n
115.5427975;205.2333333;124.1333333;408.0333333;15.10294305;w
170.296875;242.0;109.0;789.0;11.75531795;n
129.1651713;187.9038462;84.6025641;242.7307692;19.26933206;n
128.5480346;222.3641457;100.4677871;653.1204482;26.95758619;n
132.1578947;212.2131148;99.52459016;532.7868852;29.27612751;n
141.87163230000004;248.8734177;113.556962;654.6075949;35.17288999;n
119.1328125;196.90625;87.90625;442.875;39.36357721;n
127.0138889;245.1111111;133.2222222;358.8888889;13.80016103;n
118.6012333;232.3770492;103.9508197;754.6393443;36.02089632;n
116.9638158;189.1578947;78.84210526;366.5789474;22.95388609;n
128.5853018;201.6041667;94.66666667;454.64583330000005;20.63758034;n
135.79696130000002;245.21739130000003;110.4347826;788.4130435;21.03845835;n
130.2807018;223.4836066;115.647541;371.39344260000007;30.15594156;n
141.5137255;193.0;81.0;300.0;10.62849207;n
128.97306;202.625;118.75925929999998;427.4953704;21.30353289;w
130.0488281;205.375;97.0;343.25;29.07042903;n
138.9517045;234.4545455;153.31818180000005;514.4545455;32.71050707;w
133.5325385;192.8031496;110.2834646;349.8346457;21.06601347;w
118.1464738;176.37142859999997;79.92857143;219.2571429;14.6531671;n
118.1692825;238.625;156.875;529.4107143;19.6485706;w
126.2555479;208.6740331;91.98895028;521.7624308999998;35.92781954;n
134.732746;181.0930233;78.25581395;281.627907;19.5388977;n
120.894958;212.4;94.0;535.1333333;14.893697400000002;n
120.6934524;216.047619;96.97619048;336.6190476000001;37.6804878;n
125.911306;208.1846154;94.64615385;615.3692308;17.96226156;n
102.3735632;211.4545455;91.90909091;519.9090909;16.25367091;n
133.8330781;209.804878;94.48780488;444.7560976;26.16700642;n
121.9951807;208.2307692;94.42307692;630.4423077;25.30085248;n
115.1986879;251.5820896;124.0447761;707.7910448;25.24141402;n
133.8033141;193.6091954;85.29885057;396.6781609;22.6678965;n
119.1901198;241.2857143;113.047619;744.8333332999998;24.78588582;n
105.7962085;247.125;116.925;688.2;12.58729518;n
103.4166667;223.0;102.1111111;623.1111111;22.15656969;n
138.664557;210.0;99.0;657.0;42.20379129999999;n
135.140625;360.5;207.3333333;292.3333333;38.2676067;n
126.0421053;210.7083333;97.58333333;618.75;17.76696177;n
155.87053569999995;214.2857143;96.35714286;582.0;21.07469708;n
124.2463199;415.9948187;295.3471503;449.0259067;55.77349463;n
125.3852295;216.388535;98.08280255;647.9363057;31.90598766;n
105.7421875;163.25;74.25;233.75;8.411301921;n
119.7805643;212.8;89.55;389.35;35.33751548;n
129.84802040000002;204.122449;110.69387759999998;418.244898;23.12530378;w
110.9102902;229.3333333;109.3333333;502.6666667;14.94619981;n
129.535009;188.8142857;82.48571429;214.2857143;12.00585741;n
136.270936;187.0;85.53846154;340.1538462;20.93890804;n
136.0625;240.25;121.0;606.25;18.64638035;n
115.42083329999998;209.4;88.86666667;551.9333333;22.94825096;n
123.4243542;282.4230769;190.1923077;427.4423077;19.82104666;n
126.33218290000002;202.3972603;119.7123288;370.9589041;23.43401239;w
127.7232143;329.0714286000001;230.7142857;415.2857143;16.55479461;n
130.3588435;200.2702703;89.94594595;444.1621622;34.09894082;n
71.71875;309.0;223.0;425.0;13.5;n
113.3988212;229.4375;102.09375;655.625;35.88387303;n
129.94220959999998;176.625;74.1875;210.4553571;9.849792646000001;n
121.5386819;186.0909091;80.90909091;297.3636364;30.90240569;n
119.7396746;232.9;120.42;503.36;26.7568608;n
107.4790576;239.5;104.5833333;761.8333332999998;14.88841599;n
119.0315315;193.7142857;59.14285714;474.2857143;31.28253408;n
112.8920455;191.1818182;97.18181818;415.6363636;25.01305444;n
137.1009317;162.17073169999995;64.97560976;159.2439024;9.854986628999999;n
109.4568421;209.1;94.5;562.6666667000002;25.52219078;n
129.1020408;228.8303571;105.9761905;672.5386905;30.66179531;n
124.7945039;319.2586873;207.4826255;508.8069498;27.29588611;n
121.1696429;197.7857143;91.60714286;525.75;22.50087867;n
136.12383180000003;189.5185185;94.51851852;453.5925926;22.63602383;w
132.5069444;206.3703704;109.25925929999998;532.962963;28.78142405;w
121.2368605;214.9333333;98.1;490.6777778;27.75265753;n
134.312;202.4363636;91.76363636;467.0363636;40.69441044;n
124.173788;214.757377;99.29508197;530.6885246;43.08854829;n
134.82947980000003;258.7272727;133.5909091;602.2272727000002;14.79725237;n
148.8169014;228.1111111;105.2222222;632.2222222;25.69478979;n
115.7630992;261.4247788;129.46017700000002;771.0353982;27.34236604;n
142.9490291;200.5769231;86.96153846;431.0384615;19.28718648;n
125.392136;235.3050847;114.2881356;651.3898305;39.00747209;n
124.9961644;202.31739130000003;96.89130435;454.6826087;26.00132467;n
127.136036;178.9428571;75.8;239.7428571;22.06090364;n
120.8501281;172.77027030000005;70.0472973;240.6756757;13.77809236;n
132.3359528;205.59375;91.40625;625.4375;25.78802941;n
89.47321429;204.8571429;82.57142857;453.14285710000007;10.99907232;n
120.9151786;194.2857143;86.0;364.85714289999993;28.25440186;n
113.0344403;212.2352941;96.43137255;543.4117647;34.52137729;n
132.553719;208.7391304;94.30434783;583.3913043;20.60438407;n
127.8071795;202.7119565;120.7228261;415.8043478;27.25897123;w
125.47826090000002;217.9090909;98.78181818;586.8;41.53945053;n
118.5483539;272.7704918;134.16393440000002;765.7704918;25.52395316;n
128.621546;233.4450549;103.1868132;706.3516484;11.73960215;n
140.1828704;344.25925930000005;257.1481481;681.7037037;42.33603893;n
128.9160483;265.2390572;128.2525253;814.4040404;26.62482603;n
124.1187845;207.1648352;89.83516484;560.0549451;28.75738303;n
87.140625;417.0;256.5;369.5;28.44292531;n
129.1566558;354.6493506;283.9220779;650.1688312000001;31.94832119;n
142.68181819999995;210.2777778;93.94444444;628.3333332999998;25.65848836;n
162.675;220.6;99.6;566.6;9.792343948;n
101.5135135;231.2857143;106.4285714;791.5714286;21.27852227;n
132.45077220000002;215.0153846;98.07692308;579.5692307999999;26.23419332;n
135.0352941;194.7291667;82.97916667;414.8541667;17.75449865;n
119.85411940000002;212.746988;97.48192771;575.0120482000002;32.47255505;n
120.9758772;265.2631579;150.4912281;215.0877193;37.3479064;n
129.5097826;234.25;109.2844828;566.3103447999998;35.64903048;n
128.9930314;222.0;101.7777778;479.9444444;49.53175811;n
137.98958330000002;208.0;96.0;562.6666667000002;34.38376151;n
113.0469108;253.0363636;118.5454545;794.9272727000001;27.20980621;n
124.7589286;211.0;99.28571429;592.8571429;7.941109777;n
132.865598;196.9223301;84.87378641;388.7475728;14.85275072;n
116.2067757;199.2037037;89.33333333;535.3148148;25.14277475;n
129.4738676;204.2222222;82.66666667;449.4444444;29.3470086;n
128.2354312;230.8888889;109.7777778;676.8888889;23.4787941;n
157.89583330000005;233.0;104.6666667;519.6666667;23.25224004;n
115.98355259999998;206.4736842;90.57894737;539.2631579;22.6577572;n
120.7072368;380.9473684;296.4210526;443.9473684;27.75945348;n
136.4859515;202.030303;87.76767677;366.8686869;19.64467547;n
106.2894737;197.5;86.5;541.5;27.57854943;n
136.3778409;209.5;96.77272727;461.9090909;25.13056813;n
129.1864578;225.12903230000003;102.4435484;661.6451613;27.97899465;n
128.549606;187.2331768;83.6228482;152.56494519999995;10.31184294;n
135.8518129;225.8235294;108.3781513;598.6890756;29.07448388;n
114.6319444;214.6666667;89.0;537.0;26.8374163;n
140.5863095;192.8095238;81.66666667;343.3333333;20.7286759;n
112.8675497;207.3684211;117.8947368;544.1578947;24.35995078;w
115.07916670000002;216.9666667;93.93333333;519.1666667;29.32130435;n
122.0412541;237.39473680000003;140.8947368;415.5789474;19.67970677;n
125.2925824;196.7391304;88.06521739;461.3043478;24.97912172;n
130.3632813;199.8125;83.0;434.375;51.05389309;n
140.76470590000002;195.8235294;80.58823529;395.4117647;24.78125757;n
116.8237347;232.4583333;109.5277778;648.0416667000002;18.59459777;n
121.0942029;219.4230769;122.4230769;536.0;30.7144705;w
132.9343066;218.9534884;96.41860465;677.6046512;22.5968979;n
122.0803605;226.875;113.2857143;460.45833330000005;24.73845544;n
121.5173611;230.5416667;103.0416667;768.125;28.70144518;n
134.6957164;202.5176471;92.48235294;509.15294119999993;26.12118683;n
115.3085881;216.8604651;97.25581395;522.8139535;44.18135838;n
113.122807;259.8333333;157.5555556;366.1111111;16.62624728;n
134.298913;214.1304348;95.95652174;629.5652173999998;31.05815023;n
139.1565762;217.3666667;98.73333333;590.3;22.59569772;n
129.0539773;340.8202247;215.1797753;337.2696629;25.54959827;n
129.2286585;251.804878;150.70731709999995;257.1463415;20.39989852;n
125.8909487;200.03448280000003;89.93103448;508.8103448;24.66014539;n
166.3125;306.6666667;194.6666667;441.0;11.55662388;n
120.9382353;251.0465116;120.9069767;859.4186047000002;22.89652695;n
138.6923077;204.4444444;89.40740741;509.7407407;17.18582374;n
122.3734043;207.9491525;117.2711864;532.8474576;26.87721985;w
112.19801979999998;214.8157895;96.23684211;686.7894737;37.23586571;n
138.4310345;467.1818182;255.7727273;353.7272727;41.72519306;n
137.9119497;221.575;104.225;567.25;29.74423263;n
106.0625;449.0;418.7692308;741.6153846;45.80160458;n
116.36;218.2631579;97.36842105;597.6315789;28.64898852;n
119.2262895;241.6578947;128.6842105;490.8157895;20.9346199;n
129.95567759999997;231.3956386;109.8161994;611.2461059;26.39969647;n
137.47443180000002;262.6363636;122.8636364;920.5;11.52189794;n
125.7254902;215.75;93.0;758.5;31.48908541;n
132.02523359999998;208.2164179;89.57462687;577.6716418;35.22145593;n
130.49253729999998;187.5882353;77.29411765;455.5294118;24.7506597;n
126.7615965;215.5384615;99.70940171;469.3675214;21.63348325;n
133.6180582;160.9821958;66.87833828;156.9139466;8.763332235;n
118.64601770000002;262.6976744;143.8139535;500.6976744;21.93650802;n
103.1319444;198.8888889;87.11111111;412.6666667;21.8993207;n
140.8973214;215.0714286;98.28571429;530.4285714;27.08723154;n
122.2041985;219.040404;97.6969697;583.3838384;25.6607966;n
122.7936508;263.25;125.0;862.25;25.00054687;n
117.7261307;209.24;91.24;486.48;25.28791015;n
118.9045802;196.5454545;81.60606061;516.4242423999998;26.56053259;n
127.7010309;195.1311475;88.52459016;414.2295082;44.67205595;n
139.5927711;253.1538462;122.4230769;757.3461538;28.35040674;n
114.2138365;228.5333333;105.46666670000002;756.9333333;25.8999142;n
138.12053569999998;183.5714286;87.57142857;505.5714286000001;27.49471192;n
136.56666669999998;203.4666667;92.66666667;476.4;21.96866455;n
132.4672657;216.755102;118.4489796;584.4693877999998;22.55926528;w
135.813161;199.6481481;90.03703704;516.537037;18.57812629;n
110.9431818;210.9090909;92.81818182;625.5454545;34.26971291;n
150.36065569999997;206.6956522;88.56521739;428.6521739;20.37660544;n
136.37105259999998;238.5;114.9166667;730.25;26.35069971;n
124.88789640000002;220.9039146;100.3879004;577.8327402000001;35.43427182;n
111.8705722;217.0217391;97.08695652;620.5869565;31.31987085;n
131.6914286;206.9545455;94.54545455;612.5454545;18.71408406;n
132.81222179999997;193.7225806;82.62580645;342.2516129;18.59430501;n
109.925;216.4;88.4;506.6;25.70136183;n
119.9715909;204.8181818;98.0;482.4545455;41.87723104;n
110.77358490000002;189.3;90.5;423.1;29.71935396;n
126.16886540000002;221.0833333;106.5416667;507.0;13.88919444;n
106.6037736;235.4;120.4;436.6;22.34837802;n
130.5481481;227.9705882;102.7941176;763.0;27.45050595;n
132.0;187.3333333;78.64705882;334.37254900000005;20.418422;n
95.4296875;215.5;95.875;516.75;29.04925774;n
126.8913043;247.4347826;109.9565217;735.9565217;33.10303557;n
132.44375;231.2;104.7;611.6;10.49809507;n
142.7070064;235.5;125.35;259.9;12.22896153;n
134.66723259999998;234.2567568;114.7297297;504.2837838;44.5578821;n
132.7910321;203.12;87.58666667;333.3866667;21.67538286;n
101.7291667;209.8333333;96.33333333;537.8333332999998;18.57623183;n
122.1835938;190.0;81.5;324.5;39.19263324;n
131.9672365;228.5227273;105.7272727;774.3636364;23.33532066;n
138.0415512;196.21739130000003;77.21739129999997;344.7826087;10.83594801;n
133.5911215;238.4814815;121.74074070000002;637.5185184999998;29.44339621;n
93.97916667;543.0;367.0;396.0;156.5084307;n
108.1392405;181.0;86.4;453.8;27.72814455;n
142.3198529;322.2352941000001;221.0;354.7647059;37.51936063;n
123.3188875;205.742268;87.44329897;420.7731959;34.53481149;n
121.9814264;253.6823529;119.3882353;808.2823529;19.47033588;n
115.6571429;203.7272727;84.31818182;551.9545455;21.99929563;n
152.8269231;219.6153846;100.6923077;411.0769231;12.64630357;n
129.1225962;215.76923080000003;94.84615385;657.5384615;17.44869911;n
132.8014706;203.0;85.76923077;451.7307692;10.24817779;n
152.3085938;211.25;97.5;575.5;19.51441775;n
113.5803571;201.3809524;88.09523809999997;427.5714286000001;14.77127199;n
126.023399;234.4313725;114.60784309999998;457.627451;27.14093821;n
124.6110092;180.826087;93.43478261;242.6086957;9.803702433;w
139.32476640000002;213.7407407;96.74074074;565.9259258999998;20.42390272;n
139.9821429;195.3571429;100.0714286;476.9285714;13.41355543;n
119.5196078;222.6875;103.84375;653.03125;24.3438904;n
104.0;240.0;107.0;713.0;12.7230713;n
112.0277778;211.04347830000003;92.2173913;634.4347826000002;23.23529679;n
141.3045977;213.1818182;104.7272727;341.3636364;13.56100389;n
117.5231481;212.037037;98.07407407;512.8148148;33.5949405;n
112.5347222;228.1111111;104.8888889;512.5555555999998;31.56298817;n
123.0686695;252.2;136.0;141.6;4.682829153999999;n
144.53398059999995;246.0;158.0;343.0;29.10580576;n
